apr_drg_code,severity,apr_drg_description
001,1,"Liver transplant &/or intestinal transplant"
001,2,"Liver transplant &/or intestinal transplant"
001,3,"Liver transplant &/or intestinal transplant"
001,4,"Liver transplant &/or intestinal transplant"
002,1,"Heart &/or lung transplant"
002,2,"Heart &/or lung transplant"
002,3,"Heart &/or lung transplant"
002,4,"Heart &/or lung transplant"
003,1,"Bone marrow transplant"
003,2,"Bone marrow transplant"
003,3,"Bone marrow transplant"
003,4,"Bone marrow transplant"
004,1,"Tracheostomy w MV 96+ hours w extensive procedure or ECMO"
004,2,"Tracheostomy w MV 96+ hours w extensive procedure or ECMO"
004,3,"Tracheostomy w MV 96+ hours w extensive procedure or ECMO"
004,4,"Tracheostomy w MV 96+ hours w extensive procedure or ECMO"
005,1,"Tracheostomy w MV 96+ hours w/o extensive procedure"
005,2,"Tracheostomy w MV 96+ hours w/o extensive procedure"
005,3,"Tracheostomy w MV 96+ hours w/o extensive procedure"
005,4,"Tracheostomy w MV 96+ hours w/o extensive procedure"
006,1,"Pancreas transplant"
006,2,"Pancreas transplant"
006,3,"Pancreas transplant"
006,4,"Pancreas transplant"
020,1,"Craniotomy for trauma"
020,2,"Craniotomy for trauma"
020,3,"Craniotomy for trauma"
020,4,"Craniotomy for trauma"
021,1,"Craniotomy except for trauma"
021,2,"Craniotomy except for trauma"
021,3,"Craniotomy except for trauma"
021,4,"Craniotomy except for trauma"
022,1,"Ventricular shunt procedures"
022,2,"Ventricular shunt procedures"
022,3,"Ventricular shunt procedures"
022,4,"Ventricular shunt procedures"
023,1,"Spinal procedures"
023,2,"Spinal procedures"
023,3,"Spinal procedures"
023,4,"Spinal procedures"
024,1,"Extracranial vascular procedures"
024,2,"Extracranial vascular procedures"
024,3,"Extracranial vascular procedures"
024,4,"Extracranial vascular procedures"
026,1,"Other nervous system & related procedures"
026,2,"Other nervous system & related procedures"
026,3,"Other nervous system & related procedures"
026,4,"Other nervous system & related procedures"
040,1,"Spinal disorders & injuries"
040,2,"Spinal disorders & injuries"
040,3,"Spinal disorders & injuries"
040,4,"Spinal disorders & injuries"
041,1,"Nervous system malignancy	"
041,2,"Nervous system malignancy	"
041,3,"Nervous system malignancy	"
041,4,"Nervous system malignancy	"
042,1,"Degenerative nervous system disorders exc mult sclerosis"
042,2,"Degenerative nervous system disorders exc mult sclerosis"
042,3,"Degenerative nervous system disorders exc mult sclerosis"
042,4,"Degenerative nervous system disorders exc mult sclerosis"
043,1,"Multiple sclerosis & other demyelinating diseases"
043,2,"Multiple sclerosis & other demyelinating diseases"
043,3,"Multiple sclerosis & other demyelinating diseases"
043,4,"Multiple sclerosis & other demyelinating diseases"
044,1,"Intracranial hemorrhage"
044,2,"Intracranial hemorrhage"
044,3,"Intracranial hemorrhage"
044,4,"Intracranial hemorrhage"
045,1,"CVA & precerebral occlusion w infarct"
045,2,"CVA & precerebral occlusion w infarct"
045,3,"CVA & precerebral occlusion w infarct"
045,4,"CVA & precerebral occlusion w infarct"
046,1,"Nonspecific CVA & precerebral occlusion w/o infarct"
046,2,"Nonspecific CVA & precerebral occlusion w/o infarct"
046,3,"Nonspecific CVA & precerebral occlusion w/o infarct"
046,4,"Nonspecific CVA & precerebral occlusion w/o infarct"
047,1,"Transient ischemia"
047,2,"Transient ischemia"
047,3,"Transient ischemia"
047,4,"Transient ischemia"
048,1,"Peripheral, cranial & autonomic nerve disorders"
048,2,"Peripheral, cranial & autonomic nerve disorders"
048,3,"Peripheral, cranial & autonomic nerve disorders"
048,4,"Peripheral, cranial & autonomic nerve disorders"
049,1,"Bacterial & tuberculous infections of nervous system"
049,2,"Bacterial & tuberculous infections of nervous system"
049,3,"Bacterial & tuberculous infections of nervous system"
049,4,"Bacterial & tuberculous infections of nervous system"
050,1,"Non–bacterial infections of nervous system exc viral meningitis"
050,2,"Non–bacterial infections of nervous system exc viral meningitis"
050,3,"Non–bacterial infections of nervous system exc viral meningitis"
050,4,"Non–bacterial infections of nervous system exc viral meningitis"
051,1,"Viral meningitis"
051,2,"Viral meningitis"
051,3,"Viral meningitis"
051,4,"Viral meningitis"
052,1,"Nontraumatic stupor & coma"
052,2,"Nontraumatic stupor & coma"
052,3,"Nontraumatic stupor & coma"
052,4,"Nontraumatic stupor & coma"
053,1,"Seizure"
053,2,"Seizure"
053,3,"Seizure"
053,4,"Seizure"
054,1,"Migraine & other headaches"
054,2,"Migraine & other headaches"
054,3,"Migraine & other headaches"
054,4,"Migraine & other headaches"
055,1,"Head trauma w coma >1 hr or hemorrhage"
055,2,"Head trauma w coma >1 hr or hemorrhage"
055,3,"Head trauma w coma >1 hr or hemorrhage"
055,4,"Head trauma w coma >1 hr or hemorrhage"
056,1,"Brain contusion/laceration & complicated skull Fx, coma < 1 hr or no coma"
056,2,"Brain contusion/laceration & complicated skull Fx, coma < 1 hr or no coma"
056,3,"Brain contusion/laceration & complicated skull Fx, coma < 1 hr or no coma"
056,4,"Brain contusion/laceration & complicated skull Fx, coma < 1 hr or no coma"
057,1,"Concussion, closed skull Fx nos,uncomplicated intracranial injury, coma < 1 hr or no coma"
057,2,"Concussion, closed skull Fx nos,uncomplicated intracranial injury, coma < 1 hr or no coma"
057,3,"Concussion, closed skull Fx nos,uncomplicated intracranial injury, coma < 1 hr or no coma"
057,4,"Concussion, closed skull Fx nos,uncomplicated intracranial injury, coma < 1 hr or no coma"
058,1,"Other disorders of nervous system"
058,2,"Other disorders of nervous system"
058,3,"Other disorders of nervous system"
058,4,"Other disorders of nervous system"
070,1,"Orbital procedures"
070,2,"Orbital procedures"
070,3,"Orbital procedures"
070,4,"Orbital procedures"
073,1,"Eye procedures except orbit"
073,2,"Eye procedures except orbit"
073,3,"Eye procedures except orbit"
073,4,"Eye procedures except orbit"
080,1,"Acute major eye infections	"
080,2,"Acute major eye infections	"
080,3,"Acute major eye infections	"
080,4,"Acute major eye infections	"
082,1,"Eye disorders except major infections"
082,2,"Eye disorders except major infections"
082,3,"Eye disorders except major infections"
082,4,"Eye disorders except major infections"
089,1,"Major cranial/facial bone procedures"
089,2,"Major cranial/facial bone procedures"
089,3,"Major cranial/facial bone procedures"
089,4,"Major cranial/facial bone procedures"
090,1,"Major larynx & trachea procedures"
090,2,"Major larynx & trachea procedures"
090,3,"Major larynx & trachea procedures"
090,4,"Major larynx & trachea procedures"
091,1,"Other major head & neck procedures"
091,2,"Other major head & neck procedures"
091,3,"Other major head & neck procedures"
091,4,"Other major head & neck procedures"
092,1,"Facial bone procedures except major cranial/facial bone procedures"
092,2,"Facial bone procedures except major cranial/facial bone procedures"
092,3,"Facial bone procedures except major cranial/facial bone procedures"
092,4,"Facial bone procedures except major cranial/facial bone procedures"
093,1,"Sinus & mastoid procedures	"
093,2,"Sinus & mastoid procedures	"
093,3,"Sinus & mastoid procedures	"
093,4,"Sinus & mastoid procedures	"
095,1,"Cleft lip & palate repair	"
095,2,"Cleft lip & palate repair	"
095,3,"Cleft lip & palate repair	"
095,4,"Cleft lip & palate repair	"
097,1,"Tonsil & adenoid procedures"
097,2,"Tonsil & adenoid procedures"
097,3,"Tonsil & adenoid procedures"
097,4,"Tonsil & adenoid procedures"
098,1,"Other ear, nose, mouth & throat procedures"
098,2,"Other ear, nose, mouth & throat procedures"
098,3,"Other ear, nose, mouth & throat procedures"
098,4,"Other ear, nose, mouth & throat procedures"
110,1,"Ear, nose, mouth, throat, cranial/facial malignancies"
110,2,"Ear, nose, mouth, throat, cranial/facial malignancies"
110,3,"Ear, nose, mouth, throat, cranial/facial malignancies"
110,4,"Ear, nose, mouth, throat, cranial/facial malignancies"
111,1,"Vertigo & other labyrinth disorders"
111,2,"Vertigo & other labyrinth disorders"
111,3,"Vertigo & other labyrinth disorders"
111,4,"Vertigo & other labyrinth disorders"
113,1,"Infections of upper respiratory tract"
113,2,"Infections of upper respiratory tract"
113,3,"Infections of upper respiratory tract"
113,4,"Infections of upper respiratory tract"
114,1,"Dental & oral diseases & injuries"
114,2,"Dental & oral diseases & injuries"
114,3,"Dental & oral diseases & injuries"
114,4,"Dental & oral diseases & injuries"
115,1,"Other ear, nose, mouth,throat & cranial/facial diagnoses"
115,2,"Other ear, nose, mouth,throat & cranial/facial diagnoses"
115,3,"Other ear, nose, mouth,throat & cranial/facial diagnoses"
115,4,"Other ear, nose, mouth,throat & cranial/facial diagnoses"
120,1,"Major respiratory & chest procedures"
120,2,"Major respiratory & chest procedures"
120,3,"Major respiratory & chest procedures"
120,4,"Major respiratory & chest procedures"
121,1,"Other respiratory & chest procedures"
121,2,"Other respiratory & chest procedures"
121,3,"Other respiratory & chest procedures"
121,4,"Other respiratory & chest procedures"
130,1,"Respiratory system diagnosis w ventilator support 96+ hours"
130,2,"Respiratory system diagnosis w ventilator support 96+ hours"
130,3,"Respiratory system diagnosis w ventilator support 96+ hours"
130,4,"Respiratory system diagnosis w ventilator support 96+ hours"
131,1,"Cystic fibrosis – pulmonary disease"
131,2,"Cystic fibrosis – pulmonary disease"
131,3,"Cystic fibrosis – pulmonary disease"
131,4,"Cystic fibrosis – pulmonary disease"
132,1,"BPD & oth chronic respiratory diseases arising in perinatal period"
132,2,"BPD & oth chronic respiratory diseases arising in perinatal period"
132,3,"BPD & oth chronic respiratory diseases arising in perinatal period"
132,4,"BPD & oth chronic respiratory diseases arising in perinatal period"
133,1,"Respiratory Failure"
133,2,"Respiratory Failure"
133,3,"Respiratory Failure"
133,4,"Respiratory Failure"
134,1,"Pulmonary embolism	"
134,2,"Pulmonary embolism	"
134,3,"Pulmonary embolism	"
134,4,"Pulmonary embolism	"
135,1,"Major chest & respiratory trauma"
135,2,"Major chest & respiratory trauma"
135,3,"Major chest & respiratory trauma"
135,4,"Major chest & respiratory trauma"
136,1,"Respiratory malignancy"
136,2,"Respiratory malignancy"
136,3,"Respiratory malignancy"
136,4,"Respiratory malignancy"
137,1,"Major respiratory infections & inflammations"
137,2,"Major respiratory infections & inflammations"
137,3,"Major respiratory infections & inflammations"
137,4,"Major respiratory infections & inflammations"
138,1,"Bronchiolitis & RSV pneumonia"
138,2,"Bronchiolitis & RSV pneumonia"
138,3,"Bronchiolitis & RSV pneumonia"
138,4,"Bronchiolitis & RSV pneumonia"
139,1,"Other pneumonia"
139,2,"Other pneumonia"
139,3,"Other pneumonia"
139,4,"Other pneumonia"
140,1,"Chronic obstructive pulmonary disease"
140,2,"Chronic obstructive pulmonary disease"
140,3,"Chronic obstructive pulmonary disease"
140,4,"Chronic obstructive pulmonary disease"
141,1,"Asthma"
141,2,"Asthma"
141,3,"Asthma"
141,4,"Asthma"
142,1,"Interstitial & alveolar lung diseases"
142,2,"Interstitial & alveolar lung diseases"
142,3,"Interstitial & alveolar lung diseases"
142,4,"Interstitial & alveolar lung diseases"
143,1,"Other respiratory diagnoses except signs, symptoms & minor diagnoses"
143,2,"Other respiratory diagnoses except signs, symptoms & minor diagnoses"
143,3,"Other respiratory diagnoses except signs, symptoms & minor diagnoses"
143,4,"Other respiratory diagnoses except signs, symptoms & minor diagnoses"
144,1,"Respiratory signs, symptoms & minor diagnoses	"
144,2,"Respiratory signs, symptoms & minor diagnoses	"
144,3,"Respiratory signs, symptoms & minor diagnoses	"
144,4,"Respiratory signs, symptoms & minor diagnoses	"
160,1,"Major cardiothoracic repair of heart anomaly	"
160,2,"Major cardiothoracic repair of heart anomaly	"
160,3,"Major cardiothoracic repair of heart anomaly	"
160,4,"Major cardiothoracic repair of heart anomaly	"
161,1,"Cardiac defibrillator & heart assist implant	"
161,2,"Cardiac defibrillator & heart assist implant	"
161,3,"Cardiac defibrillator & heart assist implant	"
161,4,"Cardiac defibrillator & heart assist implant	"
162,1,"Cardiac valve procedures w AMI or complex PDX	"
162,2,"Cardiac valve procedures w AMI or complex PDX	"
162,3,"Cardiac valve procedures w AMI or complex PDX	"
162,4,"Cardiac valve procedures w AMI or complex PDX	"
163,1,"Cardiac valve procedures w/o AMI or complex PDX"
163,2,"Cardiac valve procedures w/o AMI or complex PDX"
163,3,"Cardiac valve procedures w/o AMI or complex PDX"
163,4,"Cardiac valve procedures w/o AMI or complex PDX"
165,1,"Coronary bypass w AMI or complex PDX	"
165,2,"Coronary bypass w AMI or complex PDX	"
165,3,"Coronary bypass w AMI or complex PDX	"
165,4,"Coronary bypass w AMI or complex PDX	"
166,1,"Coronary bypass w/o AMI or complex PDX"
166,2,"Coronary bypass w/o AMI or complex PDX"
166,3,"Coronary bypass w/o AMI or complex PDX"
166,4,"Coronary bypass w/o AMI or complex PDX"
167,1,"Other cardiothoracic & thoracic vascular procedures"
167,2,"Other cardiothoracic & thoracic vascular procedures"
167,3,"Other cardiothoracic & thoracic vascular procedures"
167,4,"Other cardiothoracic & thoracic vascular procedures"
169,1,"Major abdominal vascular procedures"
169,2,"Major abdominal vascular procedures"
169,3,"Major abdominal vascular procedures"
169,4,"Major abdominal vascular procedures"
170,1,"Permanent cardiac pacemaker implant w AMI, heart failure or shock"
170,2,"Permanent cardiac pacemaker implant w AMI, heart failure or shock"
170,3,"Permanent cardiac pacemaker implant w AMI, heart failure or shock"
170,4,"Permanent cardiac pacemaker implant w AMI, heart failure or shock"
171,1,"Perm cardiac pacemaker implant w/o AMI, heart failure or shock"
171,2,"Perm cardiac pacemaker implant w/o AMI, heart failure or shock"
171,3,"Perm cardiac pacemaker implant w/o AMI, heart failure or shock"
171,4,"Perm cardiac pacemaker implant w/o AMI, heart failure or shock"
174,1,"Percutaneous coronary intervention w AMI	"
174,2,"Percutaneous coronary intervention w AMI	"
174,3,"Percutaneous coronary intervention w AMI	"
174,4,"Percutaneous coronary intervention w AMI	"
175,1,"Percutaneous coronary intervention w/o AMI"
175,2,"Percutaneous coronary intervention w/o AMI"
175,3,"Percutaneous coronary intervention w/o AMI"
175,4,"Percutaneous coronary intervention w/o AMI"
176,1,"Cardiac pacemaker & defibrillator device replacement"
176,2,"Cardiac pacemaker & defibrillator device replacement"
176,3,"Cardiac pacemaker & defibrillator device replacement"
176,4,"Cardiac pacemaker & defibrillator device replacement"
177,1,"Cardiac pacemaker & defibrillator revision except device replacement"
177,2,"Cardiac pacemaker & defibrillator revision except device replacement"
177,3,"Cardiac pacemaker & defibrillator revision except device replacement"
177,4,"Cardiac pacemaker & defibrillator revision except device replacement"
180,1,"Other circulatory system procedures"
180,2,"Other circulatory system procedures"
180,3,"Other circulatory system procedures"
180,4,"Other circulatory system procedures"
181,1,"Lower extremity arterial procedures #"
181,2,"Lower extremity arterial procedures #"
181,3,"Lower extremity arterial procedures #"
181,4,"Lower extremity arterial procedures #"
182,1,"Other peripheral vascular procedures #"
182,2,"Other peripheral vascular procedures #"
182,3,"Other peripheral vascular procedures #"
182,4,"Other peripheral vascular procedures #"
190,1,"Acute myocardial infarction"
190,2,"Acute myocardial infarction"
190,3,"Acute myocardial infarction"
190,4,"Acute myocardial infarction"
191,1,"Cardiac catheterization for coronary artery disease"
191,2,"Cardiac catheterization for coronary artery disease"
191,3,"Cardiac catheterization for coronary artery disease"
191,4,"Cardiac catheterization for coronary artery disease"
192,1,"Cardiac catheterization for other non–coronary conditions"
192,2,"Cardiac catheterization for other non–coronary conditions"
192,3,"Cardiac catheterization for other non–coronary conditions"
192,4,"Cardiac catheterization for other non–coronary conditions"
193,1,"Acute & subacute endocarditis"
193,2,"Acute & subacute endocarditis"
193,3,"Acute & subacute endocarditis"
193,4,"Acute & subacute endocarditis"
194,1,"Heart failure"
194,2,"Heart failure"
194,3,"Heart failure"
194,4,"Heart failure"
196,1,"Cardiac arrest and shock"
196,2,"Cardiac arrest and shock"
196,3,"Cardiac arrest and shock"
196,4,"Cardiac arrest and shock"
197,1,"Peripheral & other vascular disorders"
197,2,"Peripheral & other vascular disorders"
197,3,"Peripheral & other vascular disorders"
197,4,"Peripheral & other vascular disorders"
198,1,"Angina pectoris & coronary atherosclerosis"
198,2,"Angina pectoris & coronary atherosclerosis"
198,3,"Angina pectoris & coronary atherosclerosis"
198,4,"Angina pectoris & coronary atherosclerosis"
199,1,"Hypertension"
199,2,"Hypertension"
199,3,"Hypertension"
199,4,"Hypertension"
200,1,"Cardiac structural & valvular disorders"
200,2,"Cardiac structural & valvular disorders"
200,3,"Cardiac structural & valvular disorders"
200,4,"Cardiac structural & valvular disorders"
201,1,"Cardiac arrhythmia & conduction disorders"
201,2,"Cardiac arrhythmia & conduction disorders"
201,3,"Cardiac arrhythmia & conduction disorders"
201,4,"Cardiac arrhythmia & conduction disorders"
203,1,"Chest pain"
203,2,"Chest pain"
203,3,"Chest pain"
203,4,"Chest pain"
204,1,"Syncope & collapse"
204,2,"Syncope & collapse"
204,3,"Syncope & collapse"
204,4,"Syncope & collapse"
205,1,"Cardiomyopathy"
205,2,"Cardiomyopathy"
205,3,"Cardiomyopathy"
205,4,"Cardiomyopathy"
206,1,"Malfunction,reaction,complication of cardiac/vasc device or procedure"
206,2,"Malfunction,reaction,complication of cardiac/vasc device or procedure"
206,3,"Malfunction,reaction,complication of cardiac/vasc device or procedure"
206,4,"Malfunction,reaction,complication of cardiac/vasc device or procedure"
207,1,"Other circulatory system diagnoses"
207,2,"Other circulatory system diagnoses"
207,3,"Other circulatory system diagnoses"
207,4,"Other circulatory system diagnoses"
220,1,"Major stomach, esophageal & duodenal procedures"
220,2,"Major stomach, esophageal & duodenal procedures"
220,3,"Major stomach, esophageal & duodenal procedures"
220,4,"Major stomach, esophageal & duodenal procedures"
221,1,"Major small & large bowel procedures"
221,2,"Major small & large bowel procedures"
221,3,"Major small & large bowel procedures"
221,4,"Major small & large bowel procedures"
222,1,"Other stomach, esophageal & duodenal procedures"
222,2,"Other stomach, esophageal & duodenal procedures"
222,3,"Other stomach, esophageal & duodenal procedures"
222,4,"Other stomach, esophageal & duodenal procedures"
223,1,"Other small & large bowel procedures"
223,2,"Other small & large bowel procedures"
223,3,"Other small & large bowel procedures"
223,4,"Other small & large bowel procedures"
224,1,"Peritoneal adhesiolysis"
224,2,"Peritoneal adhesiolysis"
224,3,"Peritoneal adhesiolysis"
224,4,"Peritoneal adhesiolysis"
225,1,"Appendectomy"
225,2,"Appendectomy"
225,3,"Appendectomy"
225,4,"Appendectomy"
226,1,"Anal procedures"
226,2,"Anal procedures"
226,3,"Anal procedures"
226,4,"Anal procedures"
227,1,"Hernia procedures except inguinal, femoral & umbilical"
227,2,"Hernia procedures except inguinal, femoral & umbilical"
227,3,"Hernia procedures except inguinal, femoral & umbilical"
227,4,"Hernia procedures except inguinal, femoral & umbilical"
228,1,"Inguinal, femoral & umbilical hernia procedures"
228,2,"Inguinal, femoral & umbilical hernia procedures"
228,3,"Inguinal, femoral & umbilical hernia procedures"
228,4,"Inguinal, femoral & umbilical hernia procedures"
229,1,"Other digestive system & abdominal procedures	"
229,2,"Other digestive system & abdominal procedures	"
229,3,"Other digestive system & abdominal procedures	"
229,4,"Other digestive system & abdominal procedures	"
240,1,"Digestive malignancy"
240,2,"Digestive malignancy"
240,3,"Digestive malignancy"
240,4,"Digestive malignancy"
241,1,"Peptic ulcer & gastritis	"
241,2,"Peptic ulcer & gastritis	"
241,3,"Peptic ulcer & gastritis	"
241,4,"Peptic ulcer & gastritis	"
242,1,"Major esophageal disorders"
242,2,"Major esophageal disorders"
242,3,"Major esophageal disorders"
242,4,"Major esophageal disorders"
243,1,"Other esophageal disorders"
243,2,"Other esophageal disorders"
243,3,"Other esophageal disorders"
243,4,"Other esophageal disorders"
244,1,"Diverticulitis & diverticulosis"
244,2,"Diverticulitis & diverticulosis"
244,3,"Diverticulitis & diverticulosis"
244,4,"Diverticulitis & diverticulosis"
245,1,"Inflammatory bowel disease"
245,2,"Inflammatory bowel disease"
245,3,"Inflammatory bowel disease"
245,4,"Inflammatory bowel disease"
246,1,"Gastrointestinal vascular insufficiency"
246,2,"Gastrointestinal vascular insufficiency"
246,3,"Gastrointestinal vascular insufficiency"
246,4,"Gastrointestinal vascular insufficiency"
247,1,"Intestinal obstruction"
247,2,"Intestinal obstruction"
247,3,"Intestinal obstruction"
247,4,"Intestinal obstruction"
248,1,"Major gastrointestinal & peritoneal infections"
248,2,"Major gastrointestinal & peritoneal infections"
248,3,"Major gastrointestinal & peritoneal infections"
248,4,"Major gastrointestinal & peritoneal infections"
249,1,"Other gastroenteritis, nausa & vomiting"
249,2,"Other gastroenteritis, nausa & vomiting"
249,3,"Other gastroenteritis, nausa & vomiting"
249,4,"Other gastroenteritis, nausa & vomiting"
251,1,"Abdominal pain"
251,2,"Abdominal pain"
251,3,"Abdominal pain"
251,4,"Abdominal pain"
252,1,"Malfunction, reaction & complication of GI device or procedure"
252,2,"Malfunction, reaction & complication of GI device or procedure"
252,3,"Malfunction, reaction & complication of GI device or procedure"
252,4,"Malfunction, reaction & complication of GI device or procedure"
253,1,"Other & unspecified gastrointestinal hemorrhage"
253,2,"Other & unspecified gastrointestinal hemorrhage"
253,3,"Other & unspecified gastrointestinal hemorrhage"
253,4,"Other & unspecified gastrointestinal hemorrhage"
254,1,"Other digestive system diagnoses"
254,2,"Other digestive system diagnoses"
254,3,"Other digestive system diagnoses"
254,4,"Other digestive system diagnoses"
260,1,"Major pancreas, liver & shunt procedures"
260,2,"Major pancreas, liver & shunt procedures"
260,3,"Major pancreas, liver & shunt procedures"
260,4,"Major pancreas, liver & shunt procedures"
261,1,"Major biliary tract procedures"
261,2,"Major biliary tract procedures"
261,3,"Major biliary tract procedures"
261,4,"Major biliary tract procedures"
262,1,"Cholecystectomy except laparoscopic	1.3137"
262,2,"Cholecystectomy except laparoscopic	1.6055"
262,3,"Cholecystectomy except laparoscopic	2.7370"
262,4,"Cholecystectomy except laparoscopic	6.0536"
263,1,"Laparoscopic cholecystectomy"
263,2,"Laparoscopic cholecystectomy"
263,3,"Laparoscopic cholecystectomy"
263,4,"Laparoscopic cholecystectomy"
264,1,"Other hepatobiliary, pancreas & abdominal procedures"
264,2,"Other hepatobiliary, pancreas & abdominal procedures"
264,3,"Other hepatobiliary, pancreas & abdominal procedures"
264,4,"Other hepatobiliary, pancreas & abdominal procedures"
279,1,"Hepatic coma & other major acute liver disorders"
279,2,"Hepatic coma & other major acute liver disorders"
279,3,"Hepatic coma & other major acute liver disorders"
279,4,"Hepatic coma & other major acute liver disorders"
280,1,"Alcoholic liver disease"
280,2,"Alcoholic liver disease"
280,3,"Alcoholic liver disease"
280,4,"Alcoholic liver disease"
281,1,"Malignancy of hepatobiliary system & pancreas"
281,2,"Malignancy of hepatobiliary system & pancreas"
281,3,"Malignancy of hepatobiliary system & pancreas"
281,4,"Malignancy of hepatobiliary system & pancreas"
282,1,"Disorders of pancreas except malignancy"
282,2,"Disorders of pancreas except malignancy"
282,3,"Disorders of pancreas except malignancy"
282,4,"Disorders of pancreas except malignancy"
283,1,"Other disorders of the liver"
283,2,"Other disorders of the liver"
283,3,"Other disorders of the liver"
283,4,"Other disorders of the liver"
284,1,"Disorders of gallbladder & biliary tract"
284,2,"Disorders of gallbladder & biliary tract"
284,3,"Disorders of gallbladder & biliary tract"
284,4,"Disorders of gallbladder & biliary tract"
301,1,"Hip joint replacement"
301,2,"Hip joint replacement"
301,3,"Hip joint replacement"
301,4,"Hip joint replacement"
302,1,"Knee joint replacement"
302,2,"Knee joint replacement"
302,3,"Knee joint replacement"
302,4,"Knee joint replacement"
303,1,"Dorsal & lumbar fusion proc for curvature of back"
303,2,"Dorsal & lumbar fusion proc for curvature of back"
303,3,"Dorsal & lumbar fusion proc for curvature of back"
303,4,"Dorsal & lumbar fusion proc for curvature of back"
304,1,"Dorsal & lumbar fusion proc except for curvature of back"
304,2,"Dorsal & lumbar fusion proc except for curvature of back"
304,3,"Dorsal & lumbar fusion proc except for curvature of back"
304,4,"Dorsal & lumbar fusion proc except for curvature of back"
305,1,"Amputation of lower limb except toes"
305,2,"Amputation of lower limb except toes"
305,3,"Amputation of lower limb except toes"
305,4,"Amputation of lower limb except toes"
308,1,"Hip and femur fracture repair"
308,2,"Hip and femur fracture repair"
308,3,"Hip and femur fracture repair"
308,4,"Hip and femur fracture repair"
309,1,"Other significant hip and femur surgery"
309,2,"Other significant hip and femur surgery"
309,3,"Other significant hip and femur surgery"
309,4,"Other significant hip and femur surgery"
310,1,"Intervertebral disc excision & decompression"
310,2,"Intervertebral disc excision & decompression"
310,3,"Intervertebral disc excision & decompression"
310,4,"Intervertebral disc excision & decompression"
312,1,"Skin graft, except hand, for musculoskeletal & connective tissue diagnoses"
312,2,"Skin graft, except hand, for musculoskeletal & connective tissue diagnoses"
312,3,"Skin graft, except hand, for musculoskeletal & connective tissue diagnoses"
312,4,"Skin graft, except hand, for musculoskeletal & connective tissue diagnoses"
313,1,"Knee & lower leg procedures except foot"
313,2,"Knee & lower leg procedures except foot"
313,3,"Knee & lower leg procedures except foot"
313,4,"Knee & lower leg procedures except foot"
314,1,"Foot & toe procedures"
314,2,"Foot & toe procedures"
314,3,"Foot & toe procedures"
314,4,"Foot & toe procedures"
315,1,"Shoulder, upper arm & forearm procedures except joint replacement"
315,2,"Shoulder, upper arm & forearm procedures except joint replacement"
315,3,"Shoulder, upper arm & forearm procedures except joint replacement"
315,4,"Shoulder, upper arm & forearm procedures except joint replacement"
316,1,"Hand & wrist procedures"
316,2,"Hand & wrist procedures"
316,3,"Hand & wrist procedures"
316,4,"Hand & wrist procedures"
317,1,"Tendon, muscle & other soft tissue procedures"
317,2,"Tendon, muscle & other soft tissue procedures"
317,3,"Tendon, muscle & other soft tissue procedures"
317,4,"Tendon, muscle & other soft tissue procedures"
320,1,"Other musculoskeletal system & connective tissue procedures"
320,2,"Other musculoskeletal system & connective tissue procedures"
320,3,"Other musculoskeletal system & connective tissue procedures"
320,4,"Other musculoskeletal system & connective tissue procedures"
321,1,"Cervical spinal fusion & other back/neck proc exc disc excis/decomp"
321,2,"Cervical spinal fusion & other back/neck proc exc disc excis/decomp"
321,3,"Cervical spinal fusion & other back/neck proc exc disc excis/decomp"
321,4,"Cervical spinal fusion & other back/neck proc exc disc excis/decomp"
322,1,"Shoulder & elbow joint replacement #"
322,2,"Shoulder & elbow joint replacement #"
322,3,"Shoulder & elbow joint replacement #"
322,4,"Shoulder & elbow joint replacement #"
340,1,"Fracture of femur"
340,2,"Fracture of femur"
340,3,"Fracture of femur"
340,4,"Fracture of femur"
341,1,"Fracture of pelvis or dislocation of hip"
341,2,"Fracture of pelvis or dislocation of hip"
341,3,"Fracture of pelvis or dislocation of hip"
341,4,"Fracture of pelvis or dislocation of hip"
342,1,"Fractures & dislocations except femur, pelvis & back"
342,2,"Fractures & dislocations except femur, pelvis & back"
342,3,"Fractures & dislocations except femur, pelvis & back"
342,4,"Fractures & dislocations except femur, pelvis & back"
343,1,"Musculoskeletal malignancy & pathol fracture d/t muscskel malig"
343,2,"Musculoskeletal malignancy & pathol fracture d/t muscskel malig"
343,3,"Musculoskeletal malignancy & pathol fracture d/t muscskel malig"
343,4,"Musculoskeletal malignancy & pathol fracture d/t muscskel malig"
344,1,"Osteomyelitis, septic arthritis & other musculoskeletal infections"
344,2,"Osteomyelitis, septic arthritis & other musculoskeletal infections"
344,3,"Osteomyelitis, septic arthritis & other musculoskeletal infections"
344,4,"Osteomyelitis, septic arthritis & other musculoskeletal infections"
346,1,"Connective tissue disorders"
346,2,"Connective tissue disorders"
346,3,"Connective tissue disorders"
346,4,"Connective tissue disorders"
347,1,"Other back & neck disorders, fractures & injuries"
347,2,"Other back & neck disorders, fractures & injuries"
347,3,"Other back & neck disorders, fractures & injuries"
347,4,"Other back & neck disorders, fractures & injuries"
349,1,"Malfunction, reaction, complic of orthopedic device or procedure"
349,2,"Malfunction, reaction, complic of orthopedic device or procedure"
349,3,"Malfunction, reaction, complic of orthopedic device or procedure"
349,4,"Malfunction, reaction, complic of orthopedic device or procedure"
351,1,"Other musculoskeletal system & connective tissue diagnoses"
351,2,"Other musculoskeletal system & connective tissue diagnoses"
351,3,"Other musculoskeletal system & connective tissue diagnoses"
351,4,"Other musculoskeletal system & connective tissue diagnoses"
361,1,"Skin graft for skin & subcutaneous tissue diagnoses"
361,2,"Skin graft for skin & subcutaneous tissue diagnoses"
361,3,"Skin graft for skin & subcutaneous tissue diagnoses"
361,4,"Skin graft for skin & subcutaneous tissue diagnoses"
362,1,"Mastectomy procedures"
362,2,"Mastectomy procedures"
362,3,"Mastectomy procedures"
362,4,"Mastectomy procedures"
363,1,"Breast procedures except mastectomy"
363,2,"Breast procedures except mastectomy"
363,3,"Breast procedures except mastectomy"
363,4,"Breast procedures except mastectomy"
364,1,"Other skin, subcutaneous tissue & related procedures"
364,2,"Other skin, subcutaneous tissue & related procedures"
364,3,"Other skin, subcutaneous tissue & related procedures"
364,4,"Other skin, subcutaneous tissue & related procedures"
380,1,"Skin ulcers"
380,2,"Skin ulcers"
380,3,"Skin ulcers"
380,4,"Skin ulcers"
381,1,"Major skin disorders"
381,2,"Major skin disorders"
381,3,"Major skin disorders"
381,4,"Major skin disorders"
382,1,"Malignant breast disorders"
382,2,"Malignant breast disorders"
382,3,"Malignant breast disorders"
382,4,"Malignant breast disorders"
383,1,"Cellulitis & other skin infections"
383,2,"Cellulitis & other skin infections"
383,3,"Cellulitis & other skin infections"
383,4,"Cellulitis & other skin infections"
384,1,"Contusion, open wound & other trauma to skin & subcutaneous tissue"
384,2,"Contusion, open wound & other trauma to skin & subcutaneous tissue"
384,3,"Contusion, open wound & other trauma to skin & subcutaneous tissue"
384,4,"Contusion, open wound & other trauma to skin & subcutaneous tissue"
385,1,"Other skin, subcutaneous tissue & breast disorders"
385,2,"Other skin, subcutaneous tissue & breast disorders"
385,3,"Other skin, subcutaneous tissue & breast disorders"
385,4,"Other skin, subcutaneous tissue & breast disorders"
401,1,"Pituitary & adrenal procedures"
401,2,"Pituitary & adrenal procedures"
401,3,"Pituitary & adrenal procedures"
401,4,"Pituitary & adrenal procedures"
403,1,"Procedures for obesity"
403,2,"Procedures for obesity"
403,3,"Procedures for obesity"
403,4,"Procedures for obesity"
404,1,"Thyroid, parathyroid & thyroglossal procedures"
404,2,"Thyroid, parathyroid & thyroglossal procedures"
404,3,"Thyroid, parathyroid & thyroglossal procedures"
404,4,"Thyroid, parathyroid & thyroglossal procedures"
405,1,"Other procedures for endocrine, nutritional & metabolic disorders"
405,2,"Other procedures for endocrine, nutritional & metabolic disorders"
405,3,"Other procedures for endocrine, nutritional & metabolic disorders"
405,4,"Other procedures for endocrine, nutritional & metabolic disorders"
420,1,"Diabetes"
420,2,"Diabetes"
420,3,"Diabetes"
420,4,"Diabetes"
421,1,"Malnutrition, failure to thrive & other nutritional disorders"
421,2,"Malnutrition, failure to thrive & other nutritional disorders"
421,3,"Malnutrition, failure to thrive & other nutritional disorders"
421,4,"Malnutrition, failure to thrive & other nutritional disorders"
422,1,"Hypovolemia & related electrolyte disorders"
422,2,"Hypovolemia & related electrolyte disorders"
422,3,"Hypovolemia & related electrolyte disorders"
422,4,"Hypovolemia & related electrolyte disorders"
423,1,"Inborn errors of metabolism"
423,2,"Inborn errors of metabolism"
423,3,"Inborn errors of metabolism"
423,4,"Inborn errors of metabolism"
424,1,"Other endocrine disorders	"
424,2,"Other endocrine disorders	"
424,3,"Other endocrine disorders	"
424,4,"Other endocrine disorders	"
425,1,"Electrolyte disorders except hypovolemia related"
425,2,"Electrolyte disorders except hypovolemia related"
425,3,"Electrolyte disorders except hypovolemia related"
425,4,"Electrolyte disorders except hypovolemia related"
440,1,"Kidney transplant"
440,2,"Kidney transplant"
440,3,"Kidney transplant"
440,4,"Kidney transplant"
441,1,"Major bladder procedures"
441,2,"Major bladder procedures"
441,3,"Major bladder procedures"
441,4,"Major bladder procedures"
442,1,"Kidney & urinary tract procedures for malignancy	"
442,2,"Kidney & urinary tract procedures for malignancy	"
442,3,"Kidney & urinary tract procedures for malignancy	"
442,4,"Kidney & urinary tract procedures for malignancy	"
443,1,"Kidney & urinary tract procedures for nonmalignancy"
443,2,"Kidney & urinary tract procedures for nonmalignancy"
443,3,"Kidney & urinary tract procedures for nonmalignancy"
443,4,"Kidney & urinary tract procedures for nonmalignancy"
444,1,"Renal dialysis access device procedure only"
444,2,"Renal dialysis access device procedure only"
444,3,"Renal dialysis access device procedure only"
444,4,"Renal dialysis access device procedure only"
445,1,"Other bladder procedures"
445,2,"Other bladder procedures"
445,3,"Other bladder procedures"
445,4,"Other bladder procedures"
446,1,"Urethral & transurethral procedures"
446,2,"Urethral & transurethral procedures"
446,3,"Urethral & transurethral procedures"
446,4,"Urethral & transurethral procedures"
447,1,"Other kidney, urinary tract & related procedures"
447,2,"Other kidney, urinary tract & related procedures"
447,3,"Other kidney, urinary tract & related procedures"
447,4,"Other kidney, urinary tract & related procedures"
461,1,"Kidney & urinary tract malignancy"
461,2,"Kidney & urinary tract malignancy"
461,3,"Kidney & urinary tract malignancy"
461,4,"Kidney & urinary tract malignancy"
462,1,"Nephritis & nephrosis"
462,2,"Nephritis & nephrosis"
462,3,"Nephritis & nephrosis"
462,4,"Nephritis & nephrosis"
463,1,"Kidney & urinary tract infections"
463,2,"Kidney & urinary tract infections"
463,3,"Kidney & urinary tract infections"
463,4,"Kidney & urinary tract infections"
465,1,"Urinary stones & acquired upper urinary tract obstruction"
465,2,"Urinary stones & acquired upper urinary tract obstruction"
465,3,"Urinary stones & acquired upper urinary tract obstruction"
465,4,"Urinary stones & acquired upper urinary tract obstruction"
466,1,"Malfunction, reaction, complic of genitourinary device or proc"
466,2,"Malfunction, reaction, complic of genitourinary device or proc"
466,3,"Malfunction, reaction, complic of genitourinary device or proc"
466,4,"Malfunction, reaction, complic of genitourinary device or proc"
468,1,"Other kidney & urinary tract diagnoses, signs & symptoms"
468,2,"Other kidney & urinary tract diagnoses, signs & symptoms"
468,3,"Other kidney & urinary tract diagnoses, signs & symptoms"
468,4,"Other kidney & urinary tract diagnoses, signs & symptoms"
469,1,"Acute Kidney Injury #"
469,2,"Acute Kidney Injury #"
469,3,"Acute Kidney Injury #"
469,4,"Acute Kidney Injury #"
470,1,"Chronic Kidney Disease #"
470,2,"Chronic Kidney Disease #"
470,3,"Chronic Kidney Disease #"
470,4,"Chronic Kidney Disease #"
480,1,"Major male pelvic procedures"
480,2,"Major male pelvic procedures"
480,3,"Major male pelvic procedures"
480,4,"Major male pelvic procedures"
481,1,"Penis procedures"
481,2,"Penis procedures"
481,3,"Penis procedures"
481,4,"Penis procedures"
482,1,"Transurethral prostatectomy"
482,2,"Transurethral prostatectomy"
482,3,"Transurethral prostatectomy"
482,4,"Transurethral prostatectomy"
483,1,"Testes & scrotal procedures"
483,2,"Testes & scrotal procedures"
483,3,"Testes & scrotal procedures"
483,4,"Testes & scrotal procedures"
484,1,"Other male reproductive system & related procedures"
484,2,"Other male reproductive system & related procedures"
484,3,"Other male reproductive system & related procedures"
484,4,"Other male reproductive system & related procedures"
500,1,"Malignancy, male reproductive system"
500,2,"Malignancy, male reproductive system"
500,3,"Malignancy, male reproductive system"
500,4,"Malignancy, male reproductive system"
501,1,"Male reproductive system diagnoses except malignancy"
501,2,"Male reproductive system diagnoses except malignancy"
501,3,"Male reproductive system diagnoses except malignancy"
501,4,"Male reproductive system diagnoses except malignancy"
510,1,"Pelvic evisceration, radical hysterectomy & other radical GYN procs"
510,2,"Pelvic evisceration, radical hysterectomy & other radical GYN procs"
510,3,"Pelvic evisceration, radical hysterectomy & other radical GYN procs"
510,4,"Pelvic evisceration, radical hysterectomy & other radical GYN procs"
511,1,"Uterine & adnexa procedures for ovarian & adnexal malignancy	"
511,2,"Uterine & adnexa procedures for ovarian & adnexal malignancy	"
511,3,"Uterine & adnexa procedures for ovarian & adnexal malignancy	"
511,4,"Uterine & adnexa procedures for ovarian & adnexal malignancy	"
512,1,"Uterine & adnexa procedures for non–ovarian & non–adnexal malig"
512,2,"Uterine & adnexa procedures for non–ovarian & non–adnexal malig"
512,3,"Uterine & adnexa procedures for non–ovarian & non–adnexal malig"
512,4,"Uterine & adnexa procedures for non–ovarian & non–adnexal malig"
513,1,"Uterine & adnexa procedures for non–malignancy except leiomyoma"
513,2,"Uterine & adnexa procedures for non–malignancy except leiomyoma"
513,3,"Uterine & adnexa procedures for non–malignancy except leiomyoma"
513,4,"Uterine & adnexa procedures for non–malignancy except leiomyoma"
514,1,"Female reproductive system reconstructive procedures"
514,2,"Female reproductive system reconstructive procedures"
514,3,"Female reproductive system reconstructive procedures"
514,4,"Female reproductive system reconstructive procedures"
517,1,"Dilation & curettage for non–obstetric diagnoses"
517,2,"Dilation & curettage for non–obstetric diagnoses"
517,3,"Dilation & curettage for non–obstetric diagnoses"
517,4,"Dilation & curettage for non–obstetric diagnoses"
518,1,"Other female reproductive system & related procedures"
518,2,"Other female reproductive system & related procedures"
518,3,"Other female reproductive system & related procedures"
518,4,"Other female reproductive system & related procedures"
519,1,"Uterine & adnexa procedures for leiomyoma"
519,2,"Uterine & adnexa procedures for leiomyoma"
519,3,"Uterine & adnexa procedures for leiomyoma"
519,4,"Uterine & adnexa procedures for leiomyoma"
530,1,"Female reproductive system malignancy"
530,2,"Female reproductive system malignancy"
530,3,"Female reproductive system malignancy"
530,4,"Female reproductive system malignancy"
531,1,"Female reproductive system infections"
531,2,"Female reproductive system infections"
531,3,"Female reproductive system infections"
531,4,"Female reproductive system infections"
532,1,"Menstrual & other female reproductive system disorders"
532,2,"Menstrual & other female reproductive system disorders"
532,3,"Menstrual & other female reproductive system disorders"
532,4,"Menstrual & other female reproductive system disorders"
540,1,"Cesarean delivery"
540,2,"Cesarean delivery"
540,3,"Cesarean delivery"
540,4,"Cesarean delivery"
541,1,"Vaginal delivery w sterilization &/or D&C"
541,2,"Vaginal delivery w sterilization &/or D&C"
541,3,"Vaginal delivery w sterilization &/or D&C"
541,4,"Vaginal delivery w sterilization &/or D&C"
542,1,"Vaginal delivery w complicating procedures exc sterilization &/or D&C"
542,2,"Vaginal delivery w complicating procedures exc sterilization &/or D&C"
542,3,"Vaginal delivery w complicating procedures exc sterilization &/or D&C"
542,4,"Vaginal delivery w complicating procedures exc sterilization &/or D&C"
544,1,"D&C, aspiration curettage or hysterotomy for obstetric diagnoses"
544,2,"D&C, aspiration curettage or hysterotomy for obstetric diagnoses"
544,3,"D&C, aspiration curettage or hysterotomy for obstetric diagnoses"
544,4,"D&C, aspiration curettage or hysterotomy for obstetric diagnoses"
545,1,"Ectopic pregnancy procedure"
545,2,"Ectopic pregnancy procedure"
545,3,"Ectopic pregnancy procedure"
545,4,"Ectopic pregnancy procedure"
546,1,"Other O.R. proc for obstetric diagnoses except delivery diagnoses"
546,2,"Other O.R. proc for obstetric diagnoses except delivery diagnoses"
546,3,"Other O.R. proc for obstetric diagnoses except delivery diagnoses"
546,4,"Other O.R. proc for obstetric diagnoses except delivery diagnoses"
560,1,"Vaginal delivery"
560,2,"Vaginal delivery"
560,3,"Vaginal delivery"
560,4,"Vaginal delivery"
561,1,"Postpartum & post abortion diagnoses w/o procedure"
561,2,"Postpartum & post abortion diagnoses w/o procedure"
561,3,"Postpartum & post abortion diagnoses w/o procedure"
561,4,"Postpartum & post abortion diagnoses w/o procedure"
563,1,"Preterm labor"
563,2,"Preterm labor"
563,3,"Preterm labor"
563,4,"Preterm labor"
564,1,"Abortion w/o D&C, aspiration curettage or hysterotomy"
564,2,"Abortion w/o D&C, aspiration curettage or hysterotomy"
564,3,"Abortion w/o D&C, aspiration curettage or hysterotomy"
564,4,"Abortion w/o D&C, aspiration curettage or hysterotomy"
565,1,"False labor"
565,2,"False labor"
565,3,"False labor"
565,4,"False labor"
566,1,"Other antepartum diagnoses"
566,2,"Other antepartum diagnoses"
566,3,"Other antepartum diagnoses"
566,4,"Other antepartum diagnoses"
580,1,"Neonate, transferred <5 days old, not born here"
580,2,"Neonate, transferred <5 days old, not born here"
580,3,"Neonate, transferred <5 days old, not born here"
580,4,"Neonate, transferred <5 days old, not born here"
581,1,"Neonate, transferred < 5 days old, born here	"
581,2,"Neonate, transferred < 5 days old, born here	"
581,3,"Neonate, transferred < 5 days old, born here	"
581,4,"Neonate, transferred < 5 days old, born here	"
583,1,"Neonate w ECMO"
583,2,"Neonate w ECMO"
583,3,"Neonate w ECMO"
583,4,"Neonate w ECMO"
588,1,"Neonate bwt <1500g w major procedure"
588,2,"Neonate bwt <1500g w major procedure"
588,3,"Neonate bwt <1500g w major procedure"
588,4,"Neonate bwt <1500g w major procedure"
589,1,"Neonate bwt <500g or GA <24 weeks	"
589,2,"Neonate bwt <500g or GA <24 weeks	"
589,3,"Neonate bwt <500g or GA <24 weeks	"
589,4,"Neonate bwt <500g or GA <24 weeks	"
591,1,"Neonate birthwt 500–749g w/o major procedure"
591,2,"Neonate birthwt 500–749g w/o major procedure"
591,3,"Neonate birthwt 500–749g w/o major procedure"
591,4,"Neonate birthwt 500–749g w/o major procedure"
593,1,"Neonate birthwt 750–999g w/o major procedure"
593,2,"Neonate birthwt 750–999g w/o major procedure"
593,3,"Neonate birthwt 750–999g w/o major procedure"
593,4,"Neonate birthwt 750–999g w/o major procedure"
602,1,"Neonate bwt 1000–1249g w resp dist synd/oth maj resp or maj anom"
602,2,"Neonate bwt 1000–1249g w resp dist synd/oth maj resp or maj anom"
602,3,"Neonate bwt 1000–1249g w resp dist synd/oth maj resp or maj anom"
602,4,"Neonate bwt 1000–1249g w resp dist synd/oth maj resp or maj anom"
603,1,"Neonate birthwt 1000–1249g w or w/o other significant condition	"
603,2,"Neonate birthwt 1000–1249g w or w/o other significant condition	"
603,3,"Neonate birthwt 1000–1249g w or w/o other significant condition	"
603,4,"Neonate birthwt 1000–1249g w or w/o other significant condition	"
607,1,"Neonate bwt 1250–1499g w resp dist synd/oth maj resp or maj anom"
607,2,"Neonate bwt 1250–1499g w resp dist synd/oth maj resp or maj anom"
607,3,"Neonate bwt 1250–1499g w resp dist synd/oth maj resp or maj anom"
607,4,"Neonate bwt 1250–1499g w resp dist synd/oth maj resp or maj anom"
608,1,"Neonate bwt 1250–1499g w or w/o other significant condition"
608,2,"Neonate bwt 1250–1499g w or w/o other significant condition"
608,3,"Neonate bwt 1250–1499g w or w/o other significant condition"
608,4,"Neonate bwt 1250–1499g w or w/o other significant condition"
609,1,"Neonate bwt 1500–2499g w major procedure	"
609,2,"Neonate bwt 1500–2499g w major procedure	"
609,3,"Neonate bwt 1500–2499g w major procedure	"
609,4,"Neonate bwt 1500–2499g w major procedure	"
611,1,"Neonate birthwt 1500–1999g w major anomaly"
611,2,"Neonate birthwt 1500–1999g w major anomaly"
611,3,"Neonate birthwt 1500–1999g w major anomaly"
611,4,"Neonate birthwt 1500–1999g w major anomaly"
612,1,"Neonate bwt 1500–1999g w resp dist synd/oth maj resp cond	"
612,2,"Neonate bwt 1500–1999g w resp dist synd/oth maj resp cond	"
612,3,"Neonate bwt 1500–1999g w resp dist synd/oth maj resp cond	"
612,4,"Neonate bwt 1500–1999g w resp dist synd/oth maj resp cond	"
613,1,"Neonate birthwt 1500–1999g w congenital/perinatal infection"
613,2,"Neonate birthwt 1500–1999g w congenital/perinatal infection"
613,3,"Neonate birthwt 1500–1999g w congenital/perinatal infection"
613,4,"Neonate birthwt 1500–1999g w congenital/perinatal infection"
614,1,"Neonate bwt 1500–1999g w or w/o other significant condition"
614,2,"Neonate bwt 1500–1999g w or w/o other significant condition"
614,3,"Neonate bwt 1500–1999g w or w/o other significant condition"
614,4,"Neonate bwt 1500–1999g w or w/o other significant condition"
621,1,"Neonate bwt 2000–2499g w major anomaly"
621,2,"Neonate bwt 2000–2499g w major anomaly"
621,3,"Neonate bwt 2000–2499g w major anomaly"
621,4,"Neonate bwt 2000–2499g w major anomaly"
622,1,"Neonate bwt 2000–2499g w resp dist synd/oth maj resp cond"
622,2,"Neonate bwt 2000–2499g w resp dist synd/oth maj resp cond"
622,3,"Neonate bwt 2000–2499g w resp dist synd/oth maj resp cond"
622,4,"Neonate bwt 2000–2499g w resp dist synd/oth maj resp cond"
623,1,"Neonate bwt 2000–2499g w congenital/perinatal infection"
623,2,"Neonate bwt 2000–2499g w congenital/perinatal infection"
623,3,"Neonate bwt 2000–2499g w congenital/perinatal infection"
623,4,"Neonate bwt 2000–2499g w congenital/perinatal infection"
625,1,"Neonate bwt 2000–2499g w other significant condition	"
625,2,"Neonate bwt 2000–2499g w other significant condition	"
625,3,"Neonate bwt 2000–2499g w other significant condition	"
625,4,"Neonate bwt 2000–2499g w other significant condition	"
626,1,"Neonate bwt 2000–2499g, normal newborn or neonate w other problem"
626,2,"Neonate bwt 2000–2499g, normal newborn or neonate w other problem"
626,3,"Neonate bwt 2000–2499g, normal newborn or neonate w other problem"
626,4,"Neonate bwt 2000–2499g, normal newborn or neonate w other problem"
630,1,"Neonate birthwt >2499g w major cardiovascular procedure"
630,2,"Neonate birthwt >2499g w major cardiovascular procedure"
630,3,"Neonate birthwt >2499g w major cardiovascular procedure"
630,4,"Neonate birthwt >2499g w major cardiovascular procedure"
631,1,"Neonate birthwt >2499g w other major procedure"
631,2,"Neonate birthwt >2499g w other major procedure"
631,3,"Neonate birthwt >2499g w other major procedure"
631,4,"Neonate birthwt >2499g w other major procedure"
633,1,"Neonate birthwt >2499g w major anomaly"
633,2,"Neonate birthwt >2499g w major anomaly"
633,3,"Neonate birthwt >2499g w major anomaly"
633,4,"Neonate birthwt >2499g w major anomaly"
634,1,"Neonate, birthwt >2499g w resp dist synd/oth maj resp cond"
634,2,"Neonate, birthwt >2499g w resp dist synd/oth maj resp cond"
634,3,"Neonate, birthwt >2499g w resp dist synd/oth maj resp cond"
634,4,"Neonate, birthwt >2499g w resp dist synd/oth maj resp cond"
636,1,"Neonate birthwt >2499g w congenital/perinatal infection"
636,2,"Neonate birthwt >2499g w congenital/perinatal infection"
636,3,"Neonate birthwt >2499g w congenital/perinatal infection"
636,4,"Neonate birthwt >2499g w congenital/perinatal infection"
639,1,"Neonate birthwt >2499g w other significant condition	"
639,2,"Neonate birthwt >2499g w other significant condition	"
639,3,"Neonate birthwt >2499g w other significant condition	"
639,4,"Neonate birthwt >2499g w other significant condition	"
640,1,"Neonate birthwt >2499g, normal newborn or neonate w other problem"
640,2,"Neonate birthwt >2499g, normal newborn or neonate w other problem"
640,3,"Neonate birthwt >2499g, normal newborn or neonate w other problem"
640,4,"Neonate birthwt >2499g, normal newborn or neonate w other problem"
650,1,"Splenectomy"
650,2,"Splenectomy"
650,3,"Splenectomy"
650,4,"Splenectomy"
651,1,"Other procedures of blood & blood–forming organs"
651,2,"Other procedures of blood & blood–forming organs"
651,3,"Other procedures of blood & blood–forming organs"
651,4,"Other procedures of blood & blood–forming organs"
660,1,"Major hematologic/immunologic diag exc sickle cell crisis & coagul"
660,2,"Major hematologic/immunologic diag exc sickle cell crisis & coagul"
660,3,"Major hematologic/immunologic diag exc sickle cell crisis & coagul"
660,4,"Major hematologic/immunologic diag exc sickle cell crisis & coagul"
661,1,"Coagulation & platelet disorders"
661,2,"Coagulation & platelet disorders"
661,3,"Coagulation & platelet disorders"
661,4,"Coagulation & platelet disorders"
662,1,"Sickle cell anemia crisis"
662,2,"Sickle cell anemia crisis"
662,3,"Sickle cell anemia crisis"
662,4,"Sickle cell anemia crisis"
663,1,"Other anemia & disorders of blood & blood–forming organs"
663,2,"Other anemia & disorders of blood & blood–forming organs"
663,3,"Other anemia & disorders of blood & blood–forming organs"
663,4,"Other anemia & disorders of blood & blood–forming organs"
680,1,"Major O.R. procedures for lymphatic/hematopoietic/other neoplasms"
680,2,"Major O.R. procedures for lymphatic/hematopoietic/other neoplasms"
680,3,"Major O.R. procedures for lymphatic/hematopoietic/other neoplasms"
680,4,"Major O.R. procedures for lymphatic/hematopoietic/other neoplasms"
681,1,"Other O.R. procedures for lymphatic/hematopoietic/other neoplasms"
681,2,"Other O.R. procedures for lymphatic/hematopoietic/other neoplasms"
681,3,"Other O.R. procedures for lymphatic/hematopoietic/other neoplasms"
681,4,"Other O.R. procedures for lymphatic/hematopoietic/other neoplasms"
690,1,"Acute leukemia"
690,2,"Acute leukemia"
690,3,"Acute leukemia"
690,4,"Acute leukemia"
691,1,"Lymphoma, myeloma & non–acute leukemia"
691,2,"Lymphoma, myeloma & non–acute leukemia"
691,3,"Lymphoma, myeloma & non–acute leukemia"
691,4,"Lymphoma, myeloma & non–acute leukemia"
692,1,"Radiotherapy"
692,2,"Radiotherapy"
692,3,"Radiotherapy"
692,4,"Radiotherapy"
694,1,"Lymphatic & other malignancies & neoplasms of uncertain behavior"
694,2,"Lymphatic & other malignancies & neoplasms of uncertain behavior"
694,3,"Lymphatic & other malignancies & neoplasms of uncertain behavior"
694,4,"Lymphatic & other malignancies & neoplasms of uncertain behavior"
695,1,"Chemotherapy for acute leukemia #"
695,2,"Chemotherapy for acute leukemia #"
695,3,"Chemotherapy for acute leukemia #"
695,4,"Chemotherapy for acute leukemia #"
696,1,"Other Chemotherapy #"
696,2,"Other Chemotherapy #"
696,3,"Other Chemotherapy #"
696,4,"Other Chemotherapy #"
710,1,"Infectious & parasitic diseases including HIV w O.R. procedure"
710,2,"Infectious & parasitic diseases including HIV w O.R. procedure"
710,3,"Infectious & parasitic diseases including HIV w O.R. procedure"
710,4,"Infectious & parasitic diseases including HIV w O.R. procedure"
711,1,"Post–op, post–trauma, other device infections w O.R. procedure"
711,2,"Post–op, post–trauma, other device infections w O.R. procedure"
711,3,"Post–op, post–trauma, other device infections w O.R. procedure"
711,4,"Post–op, post–trauma, other device infections w O.R. procedure"
720,1,"Septicemia & disseminated infections"
720,2,"Septicemia & disseminated infections"
720,3,"Septicemia & disseminated infections"
720,4,"Septicemia & disseminated infections"
721,1,"Post–operative, post–traumatic, other device infections"
721,2,"Post–operative, post–traumatic, other device infections"
721,3,"Post–operative, post–traumatic, other device infections"
721,4,"Post–operative, post–traumatic, other device infections"
722,1,"Fever"
722,2,"Fever"
722,3,"Fever"
722,4,"Fever"
723,1,"Viral illness"
723,2,"Viral illness"
723,3,"Viral illness"
723,4,"Viral illness"
724,1,"Other infectious & parasitic diseases"
724,2,"Other infectious & parasitic diseases"
724,3,"Other infectious & parasitic diseases"
724,4,"Other infectious & parasitic diseases"
740,1,"Mental illness diagnosis w O.R. procedure"
740,2,"Mental illness diagnosis w O.R. procedure"
740,3,"Mental illness diagnosis w O.R. procedure"
740,4,"Mental illness diagnosis w O.R. procedure"
750,1,"Schizophrenia"
750,2,"Schizophrenia"
750,3,"Schizophrenia"
750,4,"Schizophrenia"
751,1,"Major depressive disorders & other/unspecified psychoses"
751,2,"Major depressive disorders & other/unspecified psychoses"
751,3,"Major depressive disorders & other/unspecified psychoses"
751,4,"Major depressive disorders & other/unspecified psychoses"
752,1,"Disorders of personality & impulse control"
752,2,"Disorders of personality & impulse control"
752,3,"Disorders of personality & impulse control"
752,4,"Disorders of personality & impulse control"
753,1,"Bipolar disorders"
753,2,"Bipolar disorders"
753,3,"Bipolar disorders"
753,4,"Bipolar disorders"
754,1,"Depression except major depressive disorder"
754,2,"Depression except major depressive disorder"
754,3,"Depression except major depressive disorder"
754,4,"Depression except major depressive disorder"
755,1,"Adjustment disorders & neuroses except depressive diagnoses"
755,2,"Adjustment disorders & neuroses except depressive diagnoses"
755,3,"Adjustment disorders & neuroses except depressive diagnoses"
755,4,"Adjustment disorders & neuroses except depressive diagnoses"
756,1,"Acute anxiety & delirium states"
756,2,"Acute anxiety & delirium states"
756,3,"Acute anxiety & delirium states"
756,4,"Acute anxiety & delirium states"
757,1,"Organic mental health disturbances"
757,2,"Organic mental health disturbances"
757,3,"Organic mental health disturbances"
757,4,"Organic mental health disturbances"
758,1,"Behavioral disorders"
758,2,"Behavioral disorders"
758,3,"Behavioral disorders"
758,4,"Behavioral disorders"
759,1,"Eating disorders	"
759,2,"Eating disorders	"
759,3,"Eating disorders	"
759,4,"Eating disorders	"
760,1,"Other mental health disorders"
760,2,"Other mental health disorders"
760,3,"Other mental health disorders"
760,4,"Other mental health disorders"
770,1,"Drug & alcohol abuse or dependence, left against medical advice"
770,2,"Drug & alcohol abuse or dependence, left against medical advice"
770,3,"Drug & alcohol abuse or dependence, left against medical advice"
770,4,"Drug & alcohol abuse or dependence, left against medical advice"
772,1,"Alcohol & drug dependence w rehab or rehab/detox therapy"
772,2,"Alcohol & drug dependence w rehab or rehab/detox therapy"
772,3,"Alcohol & drug dependence w rehab or rehab/detox therapy"
772,4,"Alcohol & drug dependence w rehab or rehab/detox therapy"
773,1,"Opioid abuse & dependence"
773,2,"Opioid abuse & dependence"
773,3,"Opioid abuse & dependence"
773,4,"Opioid abuse & dependence"
774,1,"Cocaine abuse & dependence"
774,2,"Cocaine abuse & dependence"
774,3,"Cocaine abuse & dependence"
774,4,"Cocaine abuse & dependence"
775,1,"Alcohol abuse & dependence"
775,2,"Alcohol abuse & dependence"
775,3,"Alcohol abuse & dependence"
775,4,"Alcohol abuse & dependence"
776,1,"Other drug abuse & dependence"
776,2,"Other drug abuse & dependence"
776,3,"Other drug abuse & dependence"
776,4,"Other drug abuse & dependence"
791,1,"O.R. procedure for other complications of treatment"
791,2,"O.R. procedure for other complications of treatment"
791,3,"O.R. procedure for other complications of treatment"
791,4,"O.R. procedure for other complications of treatment"
811,1,"Allergic reactions"
811,2,"Allergic reactions"
811,3,"Allergic reactions"
811,4,"Allergic reactions"
812,1,"Poisoning of medicinal agents	"
812,2,"Poisoning of medicinal agents	"
812,3,"Poisoning of medicinal agents	"
812,4,"Poisoning of medicinal agents	"
813,1,"Other complications of treatment"
813,2,"Other complications of treatment"
813,3,"Other complications of treatment"
813,4,"Other complications of treatment"
815,1,"Other injury, poisoning & toxic effect diagnoses"
815,2,"Other injury, poisoning & toxic effect diagnoses"
815,3,"Other injury, poisoning & toxic effect diagnoses"
815,4,"Other injury, poisoning & toxic effect diagnoses"
816,1,"Toxic effects of non–medicinal substances"
816,2,"Toxic effects of non–medicinal substances"
816,3,"Toxic effects of non–medicinal substances"
816,4,"Toxic effects of non–medicinal substances"
841,1,"Extensive 3rd degree burns w skin graft"
841,2,"Extensive 3rd degree burns w skin graft"
841,3,"Extensive 3rd degree burns w skin graft"
841,4,"Extensive 3rd degree burns w skin graft"
842,1,"Burns with skin graft except extensive 3rd degree burns"
842,2,"Burns with skin graft except extensive 3rd degree burns"
842,3,"Burns with skin graft except extensive 3rd degree burns"
842,4,"Burns with skin graft except extensive 3rd degree burns"
843,1,"Extensive 3rd degree or full thickness burns w/o skin graft"
843,2,"Extensive 3rd degree or full thickness burns w/o skin graft"
843,3,"Extensive 3rd degree or full thickness burns w/o skin graft"
843,4,"Extensive 3rd degree or full thickness burns w/o skin graft"
844,1,"Partial thickness burns without skin graft"
844,2,"Partial thickness burns without skin graft"
844,3,"Partial thickness burns without skin graft"
844,4,"Partial thickness burns without skin graft"
850,1,"Procedure w diag of rehab, aftercare or oth contact w health service"
850,2,"Procedure w diag of rehab, aftercare or oth contact w health service"
850,3,"Procedure w diag of rehab, aftercare or oth contact w health service"
850,4,"Procedure w diag of rehab, aftercare or oth contact w health service"
860,1,"Rehabilitation"
860,2,"Rehabilitation"
860,3,"Rehabilitation"
860,4,"Rehabilitation"
861,1,"Signs, symptoms & other factors influencing health status"
861,2,"Signs, symptoms & other factors influencing health status"
861,3,"Signs, symptoms & other factors influencing health status"
861,4,"Signs, symptoms & other factors influencing health status"
862,1,"Other aftercare & convalescence"
862,2,"Other aftercare & convalescence"
862,3,"Other aftercare & convalescence"
862,4,"Other aftercare & convalescence"
863,1,"Neonatal aftercare"
863,2,"Neonatal aftercare"
863,3,"Neonatal aftercare"
863,4,"Neonatal aftercare"
890,1,"HIV w multiple major HIV related conditions"
890,2,"HIV w multiple major HIV related conditions"
890,3,"HIV w multiple major HIV related conditions"
890,4,"HIV w multiple major HIV related conditions"
892,1,"HIV w major HIV related condition"
892,2,"HIV w major HIV related condition"
892,3,"HIV w major HIV related condition"
892,4,"HIV w major HIV related condition"
893,1,"HIV w multiple significant HIV related conditions"
893,2,"HIV w multiple significant HIV related conditions"
893,3,"HIV w multiple significant HIV related conditions"
893,4,"HIV w multiple significant HIV related conditions"
894,1,"HIV w one signif HIV cond or w/o signif related cond"
894,2,"HIV w one signif HIV cond or w/o signif related cond"
894,3,"HIV w one signif HIV cond or w/o signif related cond"
894,4,"HIV w one signif HIV cond or w/o signif related cond"
910,1,"Craniotomy for multiple significant trauma"
910,2,"Craniotomy for multiple significant trauma"
910,3,"Craniotomy for multiple significant trauma"
910,4,"Craniotomy for multiple significant trauma"
911,1,"Extensive abdominal/thoracic procedures for mult significant trauma"
911,2,"Extensive abdominal/thoracic procedures for mult significant trauma"
911,3,"Extensive abdominal/thoracic procedures for mult significant trauma"
911,4,"Extensive abdominal/thoracic procedures for mult significant trauma"
912,1,"Musculoskeletal & other procedures for multiple significant trauma	"
912,2,"Musculoskeletal & other procedures for multiple significant trauma	"
912,3,"Musculoskeletal & other procedures for multiple significant trauma	"
912,4,"Musculoskeletal & other procedures for multiple significant trauma	"
930,1,"Multiple significant trauma w/o O.R. procedure"
930,2,"Multiple significant trauma w/o O.R. procedure"
930,3,"Multiple significant trauma w/o O.R. procedure"
930,4,"Multiple significant trauma w/o O.R. procedure"
950,1,"Extensive procedure unrelated to principal diagnosis"
950,2,"Extensive procedure unrelated to principal diagnosis"
950,3,"Extensive procedure unrelated to principal diagnosis"
950,4,"Extensive procedure unrelated to principal diagnosis"
951,1,"Moderately extensive procedure unrelated to principal diagnosis"
951,2,"Moderately extensive procedure unrelated to principal diagnosis"
951,3,"Moderately extensive procedure unrelated to principal diagnosis"
951,4,"Moderately extensive procedure unrelated to principal diagnosis"
952,1,"Nonextensive procedure unrelated to principal diagnosis"
952,2,"Nonextensive procedure unrelated to principal diagnosis"
952,3,"Nonextensive procedure unrelated to principal diagnosis"
952,4,"Nonextensive procedure unrelated to principal diagnosis"