ms_drg_code,mdc_code,medical_surgical,ms_drg_description,deprecated,deprecated_date
"001",,"Surgical","Heart transplant or implant of heart assist system with MCC","0","2023-04-01"
"002",,"Surgical","Heart transplant or implant of heart assist system without MCC","0","2023-04-01"
"003",,"Surgical","ECMO or tracheostomy with MV >96 hours or principal diagnosis except face, mouth and neck with major O.R. procedures","0","2023-04-01"
"004",,"Surgical","Tracheostomy with MV >96 hours or principal diagnosis except face, mouth and neck without major O.R. procedures","0","2023-04-01"
"005",,"Surgical","Liver transplant with MCC or intestinal transplant","0","2023-04-01"
"006",,"Surgical","Liver transplant without MCC","0","2023-04-01"
"007",,"Surgical","Lung transplant","0","2023-04-01"
"008",,"Surgical","Simultaneous pancreas and kidney transplant","0","2023-04-01"
"009",,,"Bone marrow transplant","1","2010-10-01"
"010",,"Surgical","Pancreas transplant","0","2023-04-01"
"011",,"Surgical","Tracheostomy for face, mouth and neck diagnoses or laryngectomy with MCC","0","2023-04-01"
"012",,"Surgical","Tracheostomy for face, mouth and neck diagnoses or laryngectomy with CC","0","2023-04-01"
"013",,"Surgical","Tracheostomy for face, mouth and neck diagnoses or laryngectomy without CC/MCC","0","2023-04-01"
"014",,"Medical","Allogeneic bone marrow transplant","0","2023-04-01"
"015",,,"Autologous bone marrow transplant","1","2011-10-01"
"016",,"Medical","Autologous bone marrow transplant with CC/MCC","0","2023-04-01"
"017",,"Medical","Autologous bone marrow transplant without CC/MCC","0","2023-04-01"
"018",,"Medical","Chimeric antigen receptor (CAR) T-cell and other immunotherapies","0","2023-04-01"
"019",,"Surgical","Simultaneous pancreas and kidney transplant with hemodialysis","0","2023-04-01"
"020","01","Surgical","Intracranial vascular procedures with principal diagnosis hemorrhage with MCC","0","2023-04-01"
"021","01","Surgical","Intracranial vascular procedures with principal diagnosis hemorrhage with CC","0","2023-04-01"
"022","01","Surgical","Intracranial vascular procedures with principal diagnosis hemorrhage without CC/MCC","0","2023-04-01"
"023","01","Surgical","Craniotomy with major device implant or acute complex CNS principal diagnosis with MCC or chemotherapy implant or epilepsy with neurostimulator","0","2023-04-01"
"024","01","Surgical","Craniotomy with major device implant or acute complex CNS principal diagnosis without MCC","0","2023-04-01"
"025","01","Surgical","Craniotomy and endovascular intracranial procedures with MCC","0","2023-04-01"
"026","01","Surgical","Craniotomy and endovascular intracranial procedures with CC","0","2023-04-01"
"027","01","Surgical","Craniotomy and endovascular intracranial procedures without CC/MCC","0","2023-04-01"
"028","01","Surgical","Spinal procedures with MCC","0","2023-04-01"
"029","01","Surgical","Spinal procedures with CC or spinal neurostimulators","0","2023-04-01"
"030","01","Surgical","Spinal procedures without CC/MCC","0","2023-04-01"
"031","01","Surgical","Ventricular shunt procedures with MCC","0","2023-04-01"
"032","01","Surgical","Ventricular shunt procedures with CC","0","2023-04-01"
"033","01","Surgical","Ventricular shunt procedures without CC/MCC","0","2023-04-01"
"034","01","Surgical","Carotid artery stent procedures with MCC","0","2023-04-01"
"035","01","Surgical","Carotid artery stent procedures with CC","0","2023-04-01"
"036","01","Surgical","Carotid artery stent procedures without CC/MCC","0","2023-04-01"
"037","01","Surgical","Extracranial procedures with MCC","0","2023-04-01"
"038","01","Surgical","Extracranial procedures with CC","0","2023-04-01"
"039","01","Surgical","Extracranial procedures without CC/MCC","0","2023-04-01"
"040","01","Surgical","Peripheral, cranial nerve and other nervous system procedures with MCC","0","2023-04-01"
"041","01","Surgical","Peripheral, cranial nerve and other nervous system procedures with CC or peripheral neurostimulator","0","2023-04-01"
"042","01","Surgical","Peripheral, cranial nerve and other nervous system procedures without CC/MCC","0","2023-04-01"
"052","01","Medical","Spinal disorders and injuries with CC/MCC","0","2023-04-01"
"053","01","Medical","Spinal disorders and injuries without CC/MCC","0","2023-04-01"
"054","01","Medical","Nervous system neoplasms with MCC","0","2023-04-01"
"055","01","Medical","Nervous system neoplasms without MCC","0","2023-04-01"
"056","01","Medical","Degenerative nervous system disorders with MCC","0","2023-04-01"
"057","01","Medical","Degenerative nervous system disorders without MCC","0","2023-04-01"
"058","01","Medical","Multiple sclerosis and cerebellar ataxia with MCC","0","2023-04-01"
"059","01","Medical","Multiple sclerosis and cerebellar ataxia with CC","0","2023-04-01"
"060","01","Medical","Multiple sclerosis and cerebellar ataxia without CC/MCC","0","2023-04-01"
"061","01","Medical","Ischemic stroke, precerebral occlusion or transient ischemia with thrombolytic agent with MCC","0","2023-04-01"
"062","01","Medical","Ischemic stroke, precerebral occlusion or transient ischemia with thrombolytic agent with CC","0","2023-04-01"
"063","01","Medical","Ischemic stroke, precerebral occlusion or transient ischemia with thrombolytic agent without CC/MCC","0","2023-04-01"
"064","01","Medical","Intracranial hemorrhage or cerebral infarction with MCC","0","2023-04-01"
"065","01","Medical","Intracranial hemorrhage or cerebral infarction with CC or tPA in 24 hours","0","2023-04-01"
"066","01","Medical","Intracranial hemorrhage or cerebral infarction without CC/MCC","0","2023-04-01"
"067","01","Medical","Nonspecific CVA and precerebral occlusion without infarction with MCC","0","2023-04-01"
"068","01","Medical","Nonspecific CVA and precerebral occlusion without infarction without MCC","0","2023-04-01"
"069","01","Medical","Transient ischemia without thrombolytic","0","2023-04-01"
"070","01","Medical","Nonspecific cerebrovascular disorders with MCC","0","2023-04-01"
"071","01","Medical","Nonspecific cerebrovascular disorders with CC","0","2023-04-01"
"072","01","Medical","Nonspecific cerebrovascular disorders without CC/MCC","0","2023-04-01"
"073","01","Medical","Cranial and peripheral nerve disorders with MCC","0","2023-04-01"
"074","01","Medical","Cranial and peripheral nerve disorders without MCC","0","2023-04-01"
"075","01","Medical","Viral meningitis with CC/MCC","0","2023-04-01"
"076","01","Medical","Viral meningitis without CC/MCC","0","2023-04-01"
"077","01","Medical","Hypertensive encephalopathy with MCC","0","2023-04-01"
"078","01","Medical","Hypertensive encephalopathy with CC","0","2023-04-01"
"079","01","Medical","Hypertensive encephalopathy without CC/MCC","0","2023-04-01"
"080","01","Medical","Nontraumatic stupor and coma with MCC","0","2023-04-01"
"081","01","Medical","Nontraumatic stupor and coma without MCC","0","2023-04-01"
"082","01","Medical","Traumatic stupor and coma >1 hour with MCC","0","2023-04-01"
"083","01","Medical","Traumatic stupor and coma >1 hour with CC","0","2023-04-01"
"084","01","Medical","Traumatic stupor and coma >1 hour without CC/MCC","0","2023-04-01"
"085","01","Medical","Traumatic stupor and coma <1 hour with MCC","0","2023-04-01"
"086","01","Medical","Traumatic stupor and coma <1 hour with CC","0","2023-04-01"
"087","01","Medical","Traumatic stupor and coma <1 hour without CC/MCC","0","2023-04-01"
"088","01","Medical","Concussion with MCC","0","2023-04-01"
"089","01","Medical","Concussion with CC","0","2023-04-01"
"090","01","Medical","Concussion without CC/MCC","0","2023-04-01"
"091","01","Medical","Other disorders of nervous system with MCC","0","2023-04-01"
"092","01","Medical","Other disorders of nervous system with CC","0","2023-04-01"
"093","01","Medical","Other disorders of nervous system without CC/MCC","0","2023-04-01"
"094","01","Medical","Bacterial and tuberculous infections of nervous system with MCC","0","2023-04-01"
"095","01","Medical","Bacterial and tuberculous infections of nervous system with CC","0","2023-04-01"
"096","01","Medical","Bacterial and tuberculous infections of nervous system without CC/MCC","0","2023-04-01"
"097","01","Medical","Non-bacterial infection of nervous system except viral meningitis with MCC","0","2023-04-01"
"098","01","Medical","Non-bacterial infection of nervous system except viral meningitis with CC","0","2023-04-01"
"099","01","Medical","Non-bacterial infection of nervous system except viral meningitis without CC/MCC","0","2023-04-01"
"100","01","Medical","Seizures with MCC","0","2023-04-01"
"101","01","Medical","Seizures without MCC","0","2023-04-01"
"102","01","Medical","Headaches with MCC","0","2023-04-01"
"103","01","Medical","Headaches without MCC","0","2023-04-01"
"113","02","Surgical","Orbital procedures with CC/MCC","0","2023-04-01"
"114","02","Surgical","Orbital procedures without CC/MCC","0","2023-04-01"
"115","02","Surgical","Extraocular procedures except orbit","0","2023-04-01"
"116","02","Surgical","Intraocular procedures with CC/MCC","0","2023-04-01"
"117","02","Surgical","Intraocular procedures without CC/MCC","0","2023-04-01"
"121","02","Medical","Acute major eye infections with CC/MCC","0","2023-04-01"
"122","02","Medical","Acute major eye infections without CC/MCC","0","2023-04-01"
"123","02","Medical","Neurological eye disorders","0","2023-04-01"
"124","02","Medical","Other disorders of the eye with MCC","0","2023-04-01"
"125","02","Medical","Other disorders of the eye without MCC","0","2023-04-01"
"129",,,"Major head & neck procedures w CC/MCC or major device","1","2020-10-01"
"130",,,"Major head & neck procedures w/o CC/MCC","1","2020-10-01"
"131",,,"Cranial/facial procedures w CC/MCC","1","2020-10-01"
"132",,,"Cranial/facial procedures w/o CC/MCC","1","2020-10-01"
"133",,,"Other ear, nose, mouth & throat O.R. procedures w CC/MCC","1","2020-10-01"
"134",,,"Other ear, nose, mouth & throat O.R. procedures w/o CC/MCC","1","2020-10-01"
"135","03","Surgical","Sinus and mastoid procedures with CC/MCC","0","2023-04-01"
"136","03","Surgical","Sinus and mastoid procedures without CC/MCC","0","2023-04-01"
"137","03","Surgical","Mouth procedures with CC/MCC","0","2023-04-01"
"138","03","Surgical","Mouth procedures without CC/MCC","0","2023-04-01"
"139","03","Surgical","Salivary gland procedures","0","2023-04-01"
"140","03","Surgical","Major head and neck procedures with MCC","0","2023-04-01"
"141","03","Surgical","Major head and neck procedures with CC","0","2023-04-01"
"142","03","Surgical","Major head and neck procedures without CC/MCC","0","2023-04-01"
"143","03","Surgical","Other ear, nose, mouth and throat O.R. procedures with MCC","0","2023-04-01"
"144","03","Surgical","Other ear, nose, mouth and throat O.R. procedures with CC","0","2023-04-01"
"145","03","Surgical","Other ear, nose, mouth and throat O.R. procedures without CC/MCC","0","2023-04-01"
"146","03","Medical","Ear, nose, mouth and throat malignancy with MCC","0","2023-04-01"
"147","03","Medical","Ear, nose, mouth and throat malignancy with CC","0","2023-04-01"
"148","03","Medical","Ear, nose, mouth and throat malignancy without CC/MCC","0","2023-04-01"
"149","03","Medical","Dysequilibrium","0","2023-04-01"
"150","03","Medical","Epistaxis with MCC","0","2023-04-01"
"151","03","Medical","Epistaxis without MCC","0","2023-04-01"
"152","03","Medical","Otitis media and URI with MCC","0","2023-04-01"
"153","03","Medical","Otitis media and URI without MCC","0","2023-04-01"
"154","03","Medical","Other ear, nose, mouth and throat diagnoses with MCC","0","2023-04-01"
"155","03","Medical","Other ear, nose, mouth and throat diagnoses with CC","0","2023-04-01"
"156","03","Medical","Other ear, nose, mouth and throat diagnoses without CC/MCC","0","2023-04-01"
"157","03","Medical","Dental and oral diseases with MCC","0","2023-04-01"
"158","03","Medical","Dental and oral diseases with CC","0","2023-04-01"
"159","03","Medical","Dental and oral diseases without CC/MCC","0","2023-04-01"
"163","04","Surgical","Major chest procedures with MCC","0","2023-04-01"
"164","04","Surgical","Major chest procedures with CC","0","2023-04-01"
"165","04","Surgical","Major chest procedures without CC/MCC","0","2023-04-01"
"166","04","Surgical","Other respiratory system O.R. procedures with MCC","0","2023-04-01"
"167","04","Surgical","Other respiratory system O.R. procedures with CC","0","2023-04-01"
"168","04","Surgical","Other respiratory system O.R. procedures without CC/MCC","0","2023-04-01"
"175","04","Medical","Pulmonary embolism with MCC or acute cor pulmonale","0","2023-04-01"
"176","04","Medical","Pulmonary embolism without MCC","0","2023-04-01"
"177","04","Medical","Respiratory infections and inflammations with MCC","0","2023-04-01"
"178","04","Medical","Respiratory infections and inflammations with CC","0","2023-04-01"
"179","04","Medical","Respiratory infections and inflammations without CC/MCC","0","2023-04-01"
"180","04","Medical","Respiratory neoplasms with MCC","0","2023-04-01"
"181","04","Medical","Respiratory neoplasms with CC","0","2023-04-01"
"182","04","Medical","Respiratory neoplasms without CC/MCC","0","2023-04-01"
"183","04","Medical","Major chest trauma with MCC","0","2023-04-01"
"184","04","Medical","Major chest trauma with CC","0","2023-04-01"
"185","04","Medical","Major chest trauma without CC/MCC","0","2023-04-01"
"186","04","Medical","Pleural effusion with MCC","0","2023-04-01"
"187","04","Medical","Pleural effusion with CC","0","2023-04-01"
"188","04","Medical","Pleural effusion without CC/MCC","0","2023-04-01"
"189","04","Medical","Pulmonary edema and respiratory failure","0","2023-04-01"
"190","04","Medical","Chronic obstructive pulmonary disease with MCC","0","2023-04-01"
"191","04","Medical","Chronic obstructive pulmonary disease with CC","0","2023-04-01"
"192","04","Medical","Chronic obstructive pulmonary disease without CC/MCC","0","2023-04-01"
"193","04","Medical","Simple pneumonia and pleurisy with MCC","0","2023-04-01"
"194","04","Medical","Simple pneumonia and pleurisy with CC","0","2023-04-01"
"195","04","Medical","Simple pneumonia and pleurisy without CC/MCC","0","2023-04-01"
"196","04","Medical","Interstitial lung disease with MCC","0","2023-04-01"
"197","04","Medical","Interstitial lung disease with CC","0","2023-04-01"
"198","04","Medical","Interstitial lung disease without CC/MCC","0","2023-04-01"
"199","04","Medical","Pneumothorax with MCC","0","2023-04-01"
"200","04","Medical","Pneumothorax with CC","0","2023-04-01"
"201","04","Medical","Pneumothorax without CC/MCC","0","2023-04-01"
"202","04","Medical","Bronchitis and asthma with CC/MCC","0","2023-04-01"
"203","04","Medical","Bronchitis and asthma without CC/MCC","0","2023-04-01"
"204","04","Medical","Respiratory signs and symptoms","0","2023-04-01"
"205","04","Medical","Other respiratory system diagnoses with MCC","0","2023-04-01"
"206","04","Medical","Other respiratory system diagnoses without MCC","0","2023-04-01"
"207","04","Medical","Respiratory system diagnosis with ventilator support >96 hours","0","2023-04-01"
"208","04","Medical","Respiratory system diagnosis with ventilator support <=96 hours","0","2023-04-01"
"215","05","Surgical","Other heart assist system implant","0","2023-04-01"
"216","05","Surgical","Cardiac valve and other major cardiothoracic procedures with cardiac catheterization with MCC","0","2023-04-01"
"217","05","Surgical","Cardiac valve and other major cardiothoracic procedures with cardiac catheterization with CC","0","2023-04-01"
"218","05","Surgical","Cardiac valve and other major cardiothoracic procedures with cardiac catheterization without CC/MCC","0","2023-04-01"
"219","05","Surgical","Cardiac valve and other major cardiothoracic procedures without cardiac catheterization with MCC","0","2023-04-01"
"220","05","Surgical","Cardiac valve and other major cardiothoracic procedures without cardiac catheterization with CC","0","2023-04-01"
"221","05","Surgical","Cardiac valve and other major cardiothoracic procedures without cardiac catheterization without CC/MCC","0","2023-04-01"
"222","05","Surgical","Cardiac defibrillator implant with cardiac catheterization with AMI, HF or shock with MCC","0","2023-04-01"
"223","05","Surgical","Cardiac defibrillator implant with cardiac catheterization with AMI, HF or shock without MCC","0","2023-04-01"
"224","05","Surgical","Cardiac defibrillator implant with cardiac catheterization without AMI, HF or shock with MCC","0","2023-04-01"
"225","05","Surgical","Cardiac defibrillator implant with cardiac catheterization without AMI, HF or shock without MCC","0","2023-04-01"
"226","05","Surgical","Cardiac defibrillator implant without cardiac catheterization with MCC","0","2023-04-01"
"227","05","Surgical","Cardiac defibrillator implant without cardiac catheterization without MCC","0","2023-04-01"
"228","05","Surgical","Other cardiothoracic procedures with MCC","0","2023-04-01"
"229","05","Surgical","Other cardiothoracic procedures without MCC","0","2023-04-01"
"230",,,"Other cardiothoracic procedures w/o CC/MCC","1","2016-10-01"
"231","05","Surgical","Coronary bypass with PTCA with MCC","0","2023-04-01"
"232","05","Surgical","Coronary bypass with PTCA without MCC","0","2023-04-01"
"233","05","Surgical","Coronary bypass with cardiac catheterization or open ablation with MCC","0","2023-04-01"
"234","05","Surgical","Coronary bypass with cardiac catheterization or open ablation without MCC","0","2023-04-01"
"235","05","Surgical","Coronary bypass without cardiac catheterization with MCC","0","2023-04-01"
"236","05","Surgical","Coronary bypass without cardiac catheterization without MCC","0","2023-04-01"
"237",,,"Major cardiovasc procedures w MCC","1","2015-10-01"
"238",,,"Major cardiovasc procedures w/o MCC","1","2015-10-01"
"239","05","Surgical","Amputation for circulatory system disorders except upper limb and toe with MCC","0","2023-04-01"
"240","05","Surgical","Amputation for circulatory system disorders except upper limb and toe with CC","0","2023-04-01"
"241","05","Surgical","Amputation for circulatory system disorders except upper limb and toe without CC/MCC","0","2023-04-01"
"242","05","Surgical","Permanent cardiac pacemaker implant with MCC","0","2023-04-01"
"243","05","Surgical","Permanent cardiac pacemaker implant with CC","0","2023-04-01"
"244","05","Surgical","Permanent cardiac pacemaker implant without CC/MCC","0","2023-04-01"
"245","05","Surgical","AICD generator procedures","0","2023-04-01"
"246","05","Surgical","Percutaneous cardiovascular procedures with drug-eluting stent with MCC or 4+ arteries or stents","0","2023-04-01"
"247","05","Surgical","Percutaneous cardiovascular procedures with drug-eluting stent without MCC","0","2023-04-01"
"248","05","Surgical","Percutaneous cardiovascular procedures with non-drug-eluting stent with MCC or 4+ arteries or stents","0","2023-04-01"
"249","05","Surgical","Percutaneous cardiovascular procedures with non-drug-eluting stent without MCC","0","2023-04-01"
"250","05","Surgical","Percutaneous cardiovascular procedures without coronary artery stent with MCC","0","2023-04-01"
"251","05","Surgical","Percutaneous cardiovascular procedures without coronary artery stent without MCC","0","2023-04-01"
"252","05","Surgical","Other vascular procedures with MCC","0","2023-04-01"
"253","05","Surgical","Other vascular procedures with CC","0","2023-04-01"
"254","05","Surgical","Other vascular procedures without CC/MCC","0","2023-04-01"
"255","05","Surgical","Upper limb and toe amputation for circulatory system disorders with MCC","0","2023-04-01"
"256","05","Surgical","Upper limb and toe amputation for circulatory system disorders with CC","0","2023-04-01"
"257","05","Surgical","Upper limb and toe amputation for circulatory system disorders without CC/MCC","0","2023-04-01"
"258","05","Surgical","Cardiac pacemaker device replacement with MCC","0","2023-04-01"
"259","05","Surgical","Cardiac pacemaker device replacement without MCC","0","2023-04-01"
"260","05","Surgical","Cardiac pacemaker revision except device replacement with MCC","0","2023-04-01"
"261","05","Surgical","Cardiac pacemaker revision except device replacement with CC","0","2023-04-01"
"262","05","Surgical","Cardiac pacemaker revision except device replacement without CC/MCC","0","2023-04-01"
"263","05","Surgical","Vein ligation and stripping","0","2023-04-01"
"264","05","Surgical","Other circulatory system O.R. procedures","0","2023-04-01"
"265","05","Surgical","AICD lead procedures","0","2023-04-01"
"266","05","Surgical","Endovascular cardiac valve replacement and supplement procedures with MCC","0","2023-04-01"
"267","05","Surgical","Endovascular cardiac valve replacement and supplement procedures without MCC","0","2023-04-01"
"268","05","Surgical","Aortic and heart assist procedures except pulsation balloon with MCC","0","2023-04-01"
"269","05","Surgical","Aortic and heart assist procedures except pulsation balloon without MCC","0","2023-04-01"
"270","05","Surgical","Other major cardiovascular procedures with MCC","0","2023-04-01"
"271","05","Surgical","Other major cardiovascular procedures with CC","0","2023-04-01"
"272","05","Surgical","Other major cardiovascular procedures without CC/MCC","0","2023-04-01"
"273","05","Surgical","Percutaneous and other intracardiac procedures with MCC","0","2023-04-01"
"274","05","Surgical","Percutaneous and other intracardiac procedures without MCC","0","2023-04-01"
"280","05","Medical","Acute myocardial infarction, discharged alive with MCC","0","2023-04-01"
"281","05","Medical","Acute myocardial infarction, discharged alive with CC","0","2023-04-01"
"282","05","Medical","Acute myocardial infarction, discharged alive without CC/MCC","0","2023-04-01"
"283","05","Medical","Acute myocardial infarction, expired with MCC","0","2023-04-01"
"284","05","Medical","Acute myocardial infarction, expired with CC","0","2023-04-01"
"285","05","Medical","Acute myocardial infarction, expired without CC/MCC","0","2023-04-01"
"286","05","Medical","Circulatory disorders except AMI, with cardiac catheterization with MCC","0","2023-04-01"
"287","05","Medical","Circulatory disorders except AMI, with cardiac catheterization without MCC","0","2023-04-01"
"288","05","Medical","Acute and subacute endocarditis with MCC","0","2023-04-01"
"289","05","Medical","Acute and subacute endocarditis with CC","0","2023-04-01"
"290","05","Medical","Acute and subacute endocarditis without CC/MCC","0","2023-04-01"
"291","05","Medical","Heart failure and shock with MCC","0","2023-04-01"
"292","05","Medical","Heart failure and shock with CC","0","2023-04-01"
"293","05","Medical","Heart failure and shock without CC/MCC","0","2023-04-01"
"294","05","Medical","Deep vein thrombophlebitis with CC/MCC","0","2023-04-01"
"295","05","Medical","Deep vein thrombophlebitis without CC/MCC","0","2023-04-01"
"296","05","Medical","Cardiac arrest, unexplained with MCC","0","2023-04-01"
"297","05","Medical","Cardiac arrest, unexplained with CC","0","2023-04-01"
"298","05","Medical","Cardiac arrest, unexplained without CC/MCC","0","2023-04-01"
"299","05","Medical","Peripheral vascular disorders with MCC","0","2023-04-01"
"300","05","Medical","Peripheral vascular disorders with CC","0","2023-04-01"
"301","05","Medical","Peripheral vascular disorders without CC/MCC","0","2023-04-01"
"302","05","Medical","Atherosclerosis with MCC","0","2023-04-01"
"303","05","Medical","Atherosclerosis without MCC","0","2023-04-01"
"304","05","Medical","Hypertension with MCC","0","2023-04-01"
"305","05","Medical","Hypertension without MCC","0","2023-04-01"
"306","05","Medical","Cardiac congenital and valvular disorders with MCC","0","2023-04-01"
"307","05","Medical","Cardiac congenital and valvular disorders without MCC","0","2023-04-01"
"308","05","Medical","Cardiac arrhythmia and conduction disorders with MCC","0","2023-04-01"
"309","05","Medical","Cardiac arrhythmia and conduction disorders with CC","0","2023-04-01"
"310","05","Medical","Cardiac arrhythmia and conduction disorders without CC/MCC","0","2023-04-01"
"311","05","Medical","Angina pectoris","0","2023-04-01"
"312","05","Medical","Syncope and collapse","0","2023-04-01"
"313","05","Medical","Chest pain","0","2023-04-01"
"314","05","Medical","Other circulatory system diagnoses with MCC","0","2023-04-01"
"315","05","Medical","Other circulatory system diagnoses with CC","0","2023-04-01"
"316","05","Medical","Other circulatory system diagnoses without CC/MCC","0","2023-04-01"
"319","05","Surgical","Other endovascular cardiac valve procedures with MCC","0","2023-04-01"
"320","05","Surgical","Other endovascular cardiac valve procedures without MCC","0","2023-04-01"
"326","06","Surgical","Stomach, esophageal and duodenal procedures with MCC","0","2023-04-01"
"327","06","Surgical","Stomach, esophageal and duodenal procedures with CC","0","2023-04-01"
"328","06","Surgical","Stomach, esophageal and duodenal procedures without CC/MCC","0","2023-04-01"
"329","06","Surgical","Major small and large bowel procedures with MCC","0","2023-04-01"
"330","06","Surgical","Major small and large bowel procedures with CC","0","2023-04-01"
"331","06","Surgical","Major small and large bowel procedures without CC/MCC","0","2023-04-01"
"332","06","Surgical","Rectal resection with MCC","0","2023-04-01"
"333","06","Surgical","Rectal resection with CC","0","2023-04-01"
"334","06","Surgical","Rectal resection without CC/MCC","0","2023-04-01"
"335","06","Surgical","Peritoneal adhesiolysis with MCC","0","2023-04-01"
"336","06","Surgical","Peritoneal adhesiolysis with CC","0","2023-04-01"
"337","06","Surgical","Peritoneal adhesiolysis without CC/MCC","0","2023-04-01"
"338","06","Surgical","Appendectomy with complicated principal diagnosis with MCC","0","2023-04-01"
"339","06","Surgical","Appendectomy with complicated principal diagnosis with CC","0","2023-04-01"
"340","06","Surgical","Appendectomy with complicated principal diagnosis without CC/MCC","0","2023-04-01"
"341","06","Surgical","Appendectomy without complicated principal diagnosis with MCC","0","2023-04-01"
"342","06","Surgical","Appendectomy without complicated principal diagnosis with CC","0","2023-04-01"
"343","06","Surgical","Appendectomy without complicated principal diagnosis without CC/MCC","0","2023-04-01"
"344","06","Surgical","Minor small and large bowel procedures with MCC","0","2023-04-01"
"345","06","Surgical","Minor small and large bowel procedures with CC","0","2023-04-01"
"346","06","Surgical","Minor small and large bowel procedures without CC/MCC","0","2023-04-01"
"347","06","Surgical","Anal and stomal procedures with MCC","0","2023-04-01"
"348","06","Surgical","Anal and stomal procedures with CC","0","2023-04-01"
"349","06","Surgical","Anal and stomal procedures without CC/MCC","0","2023-04-01"
"350","06","Surgical","Inguinal and femoral hernia procedures with MCC","0","2023-04-01"
"351","06","Surgical","Inguinal and femoral hernia procedures with CC","0","2023-04-01"
"352","06","Surgical","Inguinal and femoral hernia procedures without CC/MCC","0","2023-04-01"
"353","06","Surgical","Hernia procedures except inguinal and femoral with MCC","0","2023-04-01"
"354","06","Surgical","Hernia procedures except inguinal and femoral with CC","0","2023-04-01"
"355","06","Surgical","Hernia procedures except inguinal and femoral without CC/MCC","0","2023-04-01"
"356","06","Surgical","Other digestive system O.R. procedures with MCC","0","2023-04-01"
"357","06","Surgical","Other digestive system O.R. procedures with CC","0","2023-04-01"
"358","06","Surgical","Other digestive system O.R. procedures without CC/MCC","0","2023-04-01"
"368","06","Medical","Major esophageal disorders with MCC","0","2023-04-01"
"369","06","Medical","Major esophageal disorders with CC","0","2023-04-01"
"370","06","Medical","Major esophageal disorders without CC/MCC","0","2023-04-01"
"371","06","Medical","Major gastrointestinal disorders and peritoneal infections with MCC","0","2023-04-01"
"372","06","Medical","Major gastrointestinal disorders and peritoneal infections with CC","0","2023-04-01"
"373","06","Medical","Major gastrointestinal disorders and peritoneal infections without CC/MCC","0","2023-04-01"
"374","06","Medical","Digestive malignancy with MCC","0","2023-04-01"
"375","06","Medical","Digestive malignancy with CC","0","2023-04-01"
"376","06","Medical","Digestive malignancy without CC/MCC","0","2023-04-01"
"377","06","Medical","Gastrointestinal hemorrhage with MCC","0","2023-04-01"
"378","06","Medical","Gastrointestinal hemorrhage with CC","0","2023-04-01"
"379","06","Medical","Gastrointestinal hemorrhage without CC/MCC","0","2023-04-01"
"380","06","Medical","Complicated peptic ulcer with MCC","0","2023-04-01"
"381","06","Medical","Complicated peptic ulcer with CC","0","2023-04-01"
"382","06","Medical","Complicated peptic ulcer without CC/MCC","0","2023-04-01"
"383","06","Medical","Uncomplicated peptic ulcer with MCC","0","2023-04-01"
"384","06","Medical","Uncomplicated peptic ulcer without MCC","0","2023-04-01"
"385","06","Medical","Inflammatory bowel disease with MCC","0","2023-04-01"
"386","06","Medical","Inflammatory bowel disease with CC","0","2023-04-01"
"387","06","Medical","Inflammatory bowel disease without CC/MCC","0","2023-04-01"
"388","06","Medical","Gastrointestinal obstruction with MCC","0","2023-04-01"
"389","06","Medical","Gastrointestinal obstruction with CC","0","2023-04-01"
"390","06","Medical","Gastrointestinal obstruction without CC/MCC","0","2023-04-01"
"391","06","Medical","Esophagitis, gastroenteritis and miscellaneous digestive disorders with MCC","0","2023-04-01"
"392","06","Medical","Esophagitis, gastroenteritis and miscellaneous digestive disorders without MCC","0","2023-04-01"
"393","06","Medical","Other digestive system diagnoses with MCC","0","2023-04-01"
"394","06","Medical","Other digestive system diagnoses with CC","0","2023-04-01"
"395","06","Medical","Other digestive system diagnoses without CC/MCC","0","2023-04-01"
"405","07","Surgical","Pancreas, liver and shunt procedures with MCC","0","2023-04-01"
"406","07","Surgical","Pancreas, liver and shunt procedures with CC","0","2023-04-01"
"407","07","Surgical","Pancreas, liver and shunt procedures without CC/MCC","0","2023-04-01"
"408","07","Surgical","Biliary tract procedures except only cholecystectomy with or without C.D.E. with MCC","0","2023-04-01"
"409","07","Surgical","Biliary tract procedures except only cholecystectomy with or without C.D.E. with CC","0","2023-04-01"
"410","07","Surgical","Biliary tract procedures except only cholecystectomy with or without C.D.E. without CC/MCC","0","2023-04-01"
"411","07","Surgical","Cholecystectomy with C.D.E. with MCC","0","2023-04-01"
"412","07","Surgical","Cholecystectomy with C.D.E. with CC","0","2023-04-01"
"413","07","Surgical","Cholecystectomy with C.D.E. without CC/MCC","0","2023-04-01"
"414","07","Surgical","Cholecystectomy except by laparoscope without C.D.E. with MCC","0","2023-04-01"
"415","07","Surgical","Cholecystectomy except by laparoscope without C.D.E. with CC","0","2023-04-01"
"416","07","Surgical","Cholecystectomy except by laparoscope without C.D.E. without CC/MCC","0","2023-04-01"
"417","07","Surgical","Laparoscopic cholecystectomy without C.D.E. with MCC","0","2023-04-01"
"418","07","Surgical","Laparoscopic cholecystectomy without C.D.E. with CC","0","2023-04-01"
"419","07","Surgical","Laparoscopic cholecystectomy without C.D.E. without CC/MCC","0","2023-04-01"
"420","07","Surgical","Hepatobiliary diagnostic procedures with MCC","0","2023-04-01"
"421","07","Surgical","Hepatobiliary diagnostic procedures with CC","0","2023-04-01"
"422","07","Surgical","Hepatobiliary diagnostic procedures without CC/MCC","0","2023-04-01"
"423","07","Surgical","Other hepatobiliary or pancreas O.R. procedures with MCC","0","2023-04-01"
"424","07","Surgical","Other hepatobiliary or pancreas O.R. procedures with CC","0","2023-04-01"
"425","07","Surgical","Other hepatobiliary or pancreas O.R. procedures without CC/MCC","0","2023-04-01"
"432","07","Medical","Cirrhosis and alcoholic hepatitis with MCC","0","2023-04-01"
"433","07","Medical","Cirrhosis and alcoholic hepatitis with CC","0","2023-04-01"
"434","07","Medical","Cirrhosis and alcoholic hepatitis without CC/MCC","0","2023-04-01"
"435","07","Medical","Malignancy of hepatobiliary system or pancreas with MCC","0","2023-04-01"
"436","07","Medical","Malignancy of hepatobiliary system or pancreas with CC","0","2023-04-01"
"437","07","Medical","Malignancy of hepatobiliary system or pancreas without CC/MCC","0","2023-04-01"
"438","07","Medical","Disorders of pancreas except malignancy with MCC","0","2023-04-01"
"439","07","Medical","Disorders of pancreas except malignancy with CC","0","2023-04-01"
"440","07","Medical","Disorders of pancreas except malignancy without CC/MCC","0","2023-04-01"
"441","07","Medical","Disorders of liver except malignancy, cirrhosis or alcoholic hepatitis with MCC","0","2023-04-01"
"442","07","Medical","Disorders of liver except malignancy, cirrhosis or alcoholic hepatitis with CC","0","2023-04-01"
"443","07","Medical","Disorders of liver except malignancy, cirrhosis or alcoholic hepatitis without CC/MCC","0","2023-04-01"
"444","07","Medical","Disorders of the biliary tract with MCC","0","2023-04-01"
"445","07","Medical","Disorders of the biliary tract with CC","0","2023-04-01"
"446","07","Medical","Disorders of the biliary tract without CC/MCC","0","2023-04-01"
"453","08","Surgical","Combined anterior and posterior spinal fusion with MCC","0","2023-04-01"
"454","08","Surgical","Combined anterior and posterior spinal fusion with CC","0","2023-04-01"
"455","08","Surgical","Combined anterior and posterior spinal fusion without CC/MCC","0","2023-04-01"
"456","08","Surgical","Spinal fusion except cervical with spinal curvature, malignancy, infection or extensive fusions with MCC","0","2023-04-01"
"457","08","Surgical","Spinal fusion except cervical with spinal curvature, malignancy, infection or extensive fusions with CC","0","2023-04-01"
"458","08","Surgical","Spinal fusion except cervical with spinal curvature, malignancy, infection or extensive fusions without CC/MCC","0","2023-04-01"
"459","08","Surgical","Spinal fusion except cervical with MCC","0","2023-04-01"
"460","08","Surgical","Spinal fusion except cervical without MCC","0","2023-04-01"
"461","08","Surgical","Bilateral or multiple major joint procedures of lower extremity with MCC","0","2023-04-01"
"462","08","Surgical","Bilateral or multiple major joint procedures of lower extremity without MCC","0","2023-04-01"
"463","08","Surgical","Wound debridement and skin graft except hand for musculoskeletal and connective tissue disorders with MCC","0","2023-04-01"
"464","08","Surgical","Wound debridement and skin graft except hand for musculoskeletal and connective tissue disorders with CC","0","2023-04-01"
"465","08","Surgical","Wound debridement and skin graft except hand for musculoskeletal and connective tissue disorders without CC/MCC","0","2023-04-01"
"466","08","Surgical","Revision of hip or knee replacement with MCC","0","2023-04-01"
"467","08","Surgical","Revision of hip or knee replacement with CC","0","2023-04-01"
"468","08","Surgical","Revision of hip or knee replacement without CC/MCC","0","2023-04-01"
"469","08","Surgical","Major hip and knee joint replacement or reattachment of lower extremity with MCC or total ankle replacement","0","2023-04-01"
"470","08","Surgical","Major hip and knee joint replacement or reattachment of lower extremity without MCC","0","2023-04-01"
"471","08","Surgical","Cervical spinal fusion with MCC","0","2023-04-01"
"472","08","Surgical","Cervical spinal fusion with CC","0","2023-04-01"
"473","08","Surgical","Cervical spinal fusion without CC/MCC","0","2023-04-01"
"474","08","Surgical","Amputation for musculoskeletal system and connective tissue disorders with MCC","0","2023-04-01"
"475","08","Surgical","Amputation for musculoskeletal system and connective tissue disorders with CC","0","2023-04-01"
"476","08","Surgical","Amputation for musculoskeletal system and connective tissue disorders without CC/MCC","0","2023-04-01"
"477","08","Surgical","Biopsies of musculoskeletal system and connective tissue with MCC","0","2023-04-01"
"478","08","Surgical","Biopsies of musculoskeletal system and connective tissue with CC","0","2023-04-01"
"479","08","Surgical","Biopsies of musculoskeletal system and connective tissue without CC/MCC","0","2023-04-01"
"480","08","Surgical","Hip and femur procedures except major joint with MCC","0","2023-04-01"
"481","08","Surgical","Hip and femur procedures except major joint with CC","0","2023-04-01"
"482","08","Surgical","Hip and femur procedures except major joint without CC/MCC","0","2023-04-01"
"483","08","Surgical","Major joint or limb reattachment procedures of upper extremities","0","2023-04-01"
"484",,,"Major joint & limb reattachment proc of upper extremity w/o CC/MCC","1","2014-10-01"
"485","08","Surgical","Knee procedures with principal diagnosis of infection with MCC","0","2023-04-01"
"486","08","Surgical","Knee procedures with principal diagnosis of infection with CC","0","2023-04-01"
"487","08","Surgical","Knee procedures with principal diagnosis of infection without CC/MCC","0","2023-04-01"
"488","08","Surgical","Knee procedures without principal diagnosis of infection with CC/MCC","0","2023-04-01"
"489","08","Surgical","Knee procedures without principal diagnosis of infection without CC/MCC","0","2023-04-01"
"490",,,"Back & neck proc exc spinal fusion w CC/MCC or disc device/neurostim","1","2014-10-01"
"491",,,"Back & neck proc exc spinal fusion w/o CC/MCC","1","2014-10-01"
"492","08","Surgical","Lower extremity and humerus procedures except hip, foot and femur with MCC","0","2023-04-01"
"493","08","Surgical","Lower extremity and humerus procedures except hip, foot and femur with CC","0","2023-04-01"
"494","08","Surgical","Lower extremity and humerus procedures except hip, foot and femur without CC/MCC","0","2023-04-01"
"495","08","Surgical","Local excision and removal of internal fixation devices except hip and femur with MCC","0","2023-04-01"
"496","08","Surgical","Local excision and removal of internal fixation devices except hip and femur with CC","0","2023-04-01"
"497","08","Surgical","Local excision and removal of internal fixation devices except hip and femur without CC/MCC","0","2023-04-01"
"498","08","Surgical","Local excision and removal of internal fixation devices of hip and femur with CC/MCC","0","2023-04-01"
"499","08","Surgical","Local excision and removal of internal fixation devices of hip and femur without CC/MCC","0","2023-04-01"
"500","08","Surgical","Soft tissue procedures with MCC","0","2023-04-01"
"501","08","Surgical","Soft tissue procedures with CC","0","2023-04-01"
"502","08","Surgical","Soft tissue procedures without CC/MCC","0","2023-04-01"
"503","08","Surgical","Foot procedures with MCC","0","2023-04-01"
"504","08","Surgical","Foot procedures with CC","0","2023-04-01"
"505","08","Surgical","Foot procedures without CC/MCC","0","2023-04-01"
"506","08","Surgical","Major thumb or joint procedures","0","2023-04-01"
"507","08","Surgical","Major shoulder or elbow joint procedures with CC/MCC","0","2023-04-01"
"508","08","Surgical","Major shoulder or elbow joint procedures without CC/MCC","0","2023-04-01"
"509","08","Surgical","Arthroscopy","0","2023-04-01"
"510","08","Surgical","Shoulder, elbow or forearm procedures, except major joint procedures with MCC","0","2023-04-01"
"511","08","Surgical","Shoulder, elbow or forearm procedures, except major joint procedures with CC","0","2023-04-01"
"512","08","Surgical","Shoulder, elbow or forearm procedures, except major joint procedures without CC/MCC","0","2023-04-01"
"513","08","Surgical","Hand or wrist procedures, except major thumb or joint procedures with CC/MCC","0","2023-04-01"
"514","08","Surgical","Hand or wrist procedures, except major thumb or joint procedures without CC/MCC","0","2023-04-01"
"515","08","Surgical","Other musculoskeletal system and connective tissue O.R. procedures with MCC","0","2023-04-01"
"516","08","Surgical","Other musculoskeletal system and connective tissue O.R. procedures with CC","0","2023-04-01"
"517","08","Surgical","Other musculoskeletal system and connective tissue O.R. procedures without CC/MCC","0","2023-04-01"
"518","08","Surgical","Back and neck procedures except spinal fusion with MCC or disc device or neurostimulator","0","2023-04-01"
"519","08","Surgical","Back and neck procedures except spinal fusion with CC","0","2023-04-01"
"520","08","Surgical","Back and neck procedures except spinal fusion without CC/MCC","0","2023-04-01"
"521","08","Surgical","Hip replacement with principal diagnosis of hip fracture with MCC","0","2023-04-01"
"522","08","Surgical","Hip replacement with principal diagnosis of hip fracture without MCC","0","2023-04-01"
"533","08","Medical","Fractures of femur with MCC","0","2023-04-01"
"534","08","Medical","Fractures of femur without MCC","0","2023-04-01"
"535","08","Medical","Fractures of hip and pelvis with MCC","0","2023-04-01"
"536","08","Medical","Fractures of hip and pelvis without MCC","0","2023-04-01"
"537","08","Medical","Sprains, strains, and dislocations of hip, pelvis and thigh with CC/MCC","0","2023-04-01"
"538","08","Medical","Sprains, strains, and dislocations of hip, pelvis and thigh without CC/MCC","0","2023-04-01"
"539","08","Medical","Osteomyelitis with MCC","0","2023-04-01"
"540","08","Medical","Osteomyelitis with CC","0","2023-04-01"
"541","08","Medical","Osteomyelitis without CC/MCC","0","2023-04-01"
"542","08","Medical","Pathological fractures and musculoskeletal and connective tissue malignancy with MCC","0","2023-04-01"
"543","08","Medical","Pathological fractures and musculoskeletal and connective tissue malignancy with CC","0","2023-04-01"
"544","08","Medical","Pathological fractures and musculoskeletal and connective tissue malignancy without CC/MCC","0","2023-04-01"
"545","08","Medical","Connective tissue disorders with MCC","0","2023-04-01"
"546","08","Medical","Connective tissue disorders with CC","0","2023-04-01"
"547","08","Medical","Connective tissue disorders without CC/MCC","0","2023-04-01"
"548","08","Medical","Septic arthritis with MCC","0","2023-04-01"
"549","08","Medical","Septic arthritis with CC","0","2023-04-01"
"550","08","Medical","Septic arthritis without CC/MCC","0","2023-04-01"
"551","08","Medical","Medical back problems with MCC","0","2023-04-01"
"552","08","Medical","Medical back problems without MCC","0","2023-04-01"
"553","08","Medical","Bone diseases and arthropathies with MCC","0","2023-04-01"
"554","08","Medical","Bone diseases and arthropathies without MCC","0","2023-04-01"
"555","08","Medical","Signs and symptoms of musculoskeletal system and connective tissue with MCC","0","2023-04-01"
"556","08","Medical","Signs and symptoms of musculoskeletal system and connective tissue without MCC","0","2023-04-01"
"557","08","Medical","Tendonitis, myositis and bursitis with MCC","0","2023-04-01"
"558","08","Medical","Tendonitis, myositis and bursitis without MCC","0","2023-04-01"
"559","08","Medical","Aftercare, musculoskeletal system and connective tissue with MCC","0","2023-04-01"
"560","08","Medical","Aftercare, musculoskeletal system and connective tissue with CC","0","2023-04-01"
"561","08","Medical","Aftercare, musculoskeletal system and connective tissue without CC/MCC","0","2023-04-01"
"562","08","Medical","Fracture, sprain, strain and dislocation except femur, hip, pelvis and thigh with MCC","0","2023-04-01"
"563","08","Medical","Fracture, sprain, strain and dislocation except femur, hip, pelvis and thigh without MCC","0","2023-04-01"
"564","08","Medical","Other musculoskeletal system and connective tissue diagnoses with MCC","0","2023-04-01"
"565","08","Medical","Other musculoskeletal system and connective tissue diagnoses with CC","0","2023-04-01"
"566","08","Medical","Other musculoskeletal system and connective tissue diagnoses without CC/MCC","0","2023-04-01"
"570","09","Surgical","Skin debridement with MCC","0","2023-04-01"
"571","09","Surgical","Skin debridement with CC","0","2023-04-01"
"572","09","Surgical","Skin debridement without CC/MCC","0","2023-04-01"
"573","09","Surgical","Skin graft for skin ulcer or cellulitis with MCC","0","2023-04-01"
"574","09","Surgical","Skin graft for skin ulcer or cellulitis with CC","0","2023-04-01"
"575","09","Surgical","Skin graft for skin ulcer or cellulitis without CC/MCC","0","2023-04-01"
"576","09","Surgical","Skin graft except for skin ulcer or cellulitis with MCC","0","2023-04-01"
"577","09","Surgical","Skin graft except for skin ulcer or cellulitis with CC","0","2023-04-01"
"578","09","Surgical","Skin graft except for skin ulcer or cellulitis without CC/MCC","0","2023-04-01"
"579","09","Surgical","Other skin, subcutaneous tissue and breast procedures with MCC","0","2023-04-01"
"580","09","Surgical","Other skin, subcutaneous tissue and breast procedures with CC","0","2023-04-01"
"581","09","Surgical","Other skin, subcutaneous tissue and breast procedures without CC/MCC","0","2023-04-01"
"582","09","Surgical","Mastectomy for malignancy with CC/MCC","0","2023-04-01"
"583","09","Surgical","Mastectomy for malignancy without CC/MCC","0","2023-04-01"
"584","09","Surgical","Breast biopsy, local excision and other breast procedures with CC/MCC","0","2023-04-01"
"585","09","Surgical","Breast biopsy, local excision and other breast procedures without CC/MCC","0","2023-04-01"
"592","09","Medical","Skin ulcers with MCC","0","2023-04-01"
"593","09","Medical","Skin ulcers with CC","0","2023-04-01"
"594","09","Medical","Skin ulcers without CC/MCC","0","2023-04-01"
"595","09","Medical","Major skin disorders with MCC","0","2023-04-01"
"596","09","Medical","Major skin disorders without MCC","0","2023-04-01"
"597","09","Medical","Malignant breast disorders with MCC","0","2023-04-01"
"598","09","Medical","Malignant breast disorders with CC","0","2023-04-01"
"599","09","Medical","Malignant breast disorders without CC/MCC","0","2023-04-01"
"600","09","Medical","Non-malignant breast disorders with CC/MCC","0","2023-04-01"
"601","09","Medical","Non-malignant breast disorders without CC/MCC","0","2023-04-01"
"602","09","Medical","Cellulitis with MCC","0","2023-04-01"
"603","09","Medical","Cellulitis without MCC","0","2023-04-01"
"604","09","Medical","Trauma to the skin, subcutaneous tissue and breast with MCC","0","2023-04-01"
"605","09","Medical","Trauma to the skin, subcutaneous tissue and breast without MCC","0","2023-04-01"
"606","09","Medical","Minor skin disorders with MCC","0","2023-04-01"
"607","09","Medical","Minor skin disorders without MCC","0","2023-04-01"
"614","10","Surgical","Adrenal and pituitary procedures with CC/MCC","0","2023-04-01"
"615","10","Surgical","Adrenal and pituitary procedures without CC/MCC","0","2023-04-01"
"616","10","Surgical","Amputation of lower limb for endocrine, nutritional and metabolic disorders with MCC","0","2023-04-01"
"617","10","Surgical","Amputation of lower limb for endocrine, nutritional and metabolic disorders with CC","0","2023-04-01"
"618","10","Surgical","Amputation of lower limb for endocrine, nutritional and metabolic disorders without CC/MCC","0","2023-04-01"
"619","10","Surgical","O.R. procedures for obesity with MCC","0","2023-04-01"
"620","10","Surgical","O.R. procedures for obesity with CC","0","2023-04-01"
"621","10","Surgical","O.R. procedures for obesity without CC/MCC","0","2023-04-01"
"622","10","Surgical","Skin grafts and wound debridement for endocrine, nutritional and metabolic disorders with MCC","0","2023-04-01"
"623","10","Surgical","Skin grafts and wound debridement for endocrine, nutritional and metabolic disorders with CC","0","2023-04-01"
"624","10","Surgical","Skin grafts and wound debridement for endocrine, nutritional and metabolic disorders without CC/MCC","0","2023-04-01"
"625","10","Surgical","Thyroid, parathyroid and thyroglossal procedures with MCC","0","2023-04-01"
"626","10","Surgical","Thyroid, parathyroid and thyroglossal procedures with CC","0","2023-04-01"
"627","10","Surgical","Thyroid, parathyroid and thyroglossal procedures without CC/MCC","0","2023-04-01"
"628","10","Surgical","Other endocrine, nutritional and metabolic O.R. procedures with MCC","0","2023-04-01"
"629","10","Surgical","Other endocrine, nutritional and metabolic O.R. procedures with CC","0","2023-04-01"
"630","10","Surgical","Other endocrine, nutritional and metabolic O.R. procedures without CC/MCC","0","2023-04-01"
"637","10","Medical","Diabetes with MCC","0","2023-04-01"
"638","10","Medical","Diabetes with CC","0","2023-04-01"
"639","10","Medical","Diabetes without CC/MCC","0","2023-04-01"
"640","10","Medical","Miscellaneous disorders of nutrition, metabolism, fluids and electrolytes with MCC","0","2023-04-01"
"641","10","Medical","Miscellaneous disorders of nutrition, metabolism, fluids and electrolytes without MCC","0","2023-04-01"
"642","10","Medical","Inborn and other disorders of metabolism","0","2023-04-01"
"643","10","Medical","Endocrine disorders with MCC","0","2023-04-01"
"644","10","Medical","Endocrine disorders with CC","0","2023-04-01"
"645","10","Medical","Endocrine disorders without CC/MCC","0","2023-04-01"
"650","11","Surgical","Kidney transplant with hemodialysis with MCC","0","2023-04-01"
"651","11","Surgical","Kidney transplant with hemodialysis without MCC","0","2023-04-01"
"652","11","Surgical","Kidney transplant","0","2023-04-01"
"653","11","Surgical","Major bladder procedures with MCC","0","2023-04-01"
"654","11","Surgical","Major bladder procedures with CC","0","2023-04-01"
"655","11","Surgical","Major bladder procedures without CC/MCC","0","2023-04-01"
"656","11","Surgical","Kidney and ureter procedures for neoplasm with MCC","0","2023-04-01"
"657","11","Surgical","Kidney and ureter procedures for neoplasm with CC","0","2023-04-01"
"658","11","Surgical","Kidney and ureter procedures for neoplasm without CC/MCC","0","2023-04-01"
"659","11","Surgical","Kidney and ureter procedures for non-neoplasm with MCC","0","2023-04-01"
"660","11","Surgical","Kidney and ureter procedures for non-neoplasm with CC","0","2023-04-01"
"661","11","Surgical","Kidney and ureter procedures for non-neoplasm without CC/MCC","0","2023-04-01"
"662","11","Surgical","Minor bladder procedures with MCC","0","2023-04-01"
"663","11","Surgical","Minor bladder procedures with CC","0","2023-04-01"
"664","11","Surgical","Minor bladder procedures without CC/MCC","0","2023-04-01"
"665","11","Surgical","Prostatectomy with MCC","0","2023-04-01"
"666","11","Surgical","Prostatectomy with CC","0","2023-04-01"
"667","11","Surgical","Prostatectomy without CC/MCC","0","2023-04-01"
"668","11","Surgical","Transurethral procedures with MCC","0","2023-04-01"
"669","11","Surgical","Transurethral procedures with CC","0","2023-04-01"
"670","11","Surgical","Transurethral procedures without CC/MCC","0","2023-04-01"
"671","11","Surgical","Urethral procedures with CC/MCC","0","2023-04-01"
"672","11","Surgical","Urethral procedures without CC/MCC","0","2023-04-01"
"673","11","Surgical","Other kidney and urinary tract procedures with MCC","0","2023-04-01"
"674","11","Surgical","Other kidney and urinary tract procedures with CC","0","2023-04-01"
"675","11","Surgical","Other kidney and urinary tract procedures without CC/MCC","0","2023-04-01"
"682","11","Medical","Renal failure with MCC","0","2023-04-01"
"683","11","Medical","Renal failure with CC","0","2023-04-01"
"684","11","Medical","Renal failure without CC/MCC","0","2023-04-01"
"685",,,"Admit for renal dialysis","1","2018-10-01"
"686","11","Medical","Kidney and urinary tract neoplasms with MCC","0","2023-04-01"
"687","11","Medical","Kidney and urinary tract neoplasms with CC","0","2023-04-01"
"688","11","Medical","Kidney and urinary tract neoplasms without CC/MCC","0","2023-04-01"
"689","11","Medical","Kidney and urinary tract infections with MCC","0","2023-04-01"
"690","11","Medical","Kidney and urinary tract infections without MCC","0","2023-04-01"
"691",,,"Urinary stones w esw lithotripsy w CC/MCC","1","2019-10-01"
"692",,,"Urinary stones w esw lithotripsy w/o CC/MCC","1","2019-10-01"
"693","11","Medical","Urinary stones with MCC","0","2023-04-01"
"694","11","Medical","Urinary stones without MCC","0","2023-04-01"
"695","11","Medical","Kidney and urinary tract signs and symptoms with MCC","0","2023-04-01"
"696","11","Medical","Kidney and urinary tract signs and symptoms without MCC","0","2023-04-01"
"697","11","Medical","Urethral stricture","0","2023-04-01"
"698","11","Medical","Other kidney and urinary tract diagnoses with MCC","0","2023-04-01"
"699","11","Medical","Other kidney and urinary tract diagnoses with CC","0","2023-04-01"
"700","11","Medical","Other kidney and urinary tract diagnoses without CC/MCC","0","2023-04-01"
"707","12","Surgical","Major male pelvic procedures with CC/MCC","0","2023-04-01"
"708","12","Surgical","Major male pelvic procedures without CC/MCC","0","2023-04-01"
"709","12","Surgical","Penis procedures with CC/MCC","0","2023-04-01"
"710","12","Surgical","Penis procedures without CC/MCC","0","2023-04-01"
"711","12","Surgical","Testes procedures with CC/MCC","0","2023-04-01"
"712","12","Surgical","Testes procedures without CC/MCC","0","2023-04-01"
"713","12","Surgical","Transurethral prostatectomy with CC/MCC","0","2023-04-01"
"714","12","Surgical","Transurethral prostatectomy without CC/MCC","0","2023-04-01"
"715","12","Surgical","Other male reproductive system O.R. procedures for malignancy with CC/MCC","0","2023-04-01"
"716","12","Surgical","Other male reproductive system O.R. procedures for malignancy without CC/MCC","0","2023-04-01"
"717","12","Surgical","Other male reproductive system O.R. procedures except malignancy with CC/MCC","0","2023-04-01"
"718","12","Surgical","Other male reproductive system O.R. procedures except malignancy without CC/MCC","0","2023-04-01"
"722","12","Medical","Malignancy, male reproductive system with MCC","0","2023-04-01"
"723","12","Medical","Malignancy, male reproductive system with CC","0","2023-04-01"
"724","12","Medical","Malignancy, male reproductive system without CC/MCC","0","2023-04-01"
"725","12","Medical","Benign prostatic hypertrophy with MCC","0","2023-04-01"
"726","12","Medical","Benign prostatic hypertrophy without MCC","0","2023-04-01"
"727","12","Medical","Inflammation of the male reproductive system with MCC","0","2023-04-01"
"728","12","Medical","Inflammation of the male reproductive system without MCC","0","2023-04-01"
"729","12","Medical","Other male reproductive system diagnoses with CC/MCC","0","2023-04-01"
"730","12","Medical","Other male reproductive system diagnoses without CC/MCC","0","2023-04-01"
"734","13","Surgical","Pelvic evisceration, radical hysterectomy and radical vulvectomy with CC/MCC","0","2023-04-01"
"735","13","Surgical","Pelvic evisceration, radical hysterectomy and radical vulvectomy without CC/MCC","0","2023-04-01"
"736","13","Surgical","Uterine and adnexa procedures for ovarian or adnexal malignancy with MCC","0","2023-04-01"
"737","13","Surgical","Uterine and adnexa procedures for ovarian or adnexal malignancy with CC","0","2023-04-01"
"738","13","Surgical","Uterine and adnexa procedures for ovarian or adnexal malignancy without CC/MCC","0","2023-04-01"
"739","13","Surgical","Uterine and adnexa procedures for non-ovarian and non-adnexal malignancy with MCC","0","2023-04-01"
"740","13","Surgical","Uterine and adnexa procedures for non-ovarian and non-adnexal malignancy with CC","0","2023-04-01"
"741","13","Surgical","Uterine and adnexa procedures for non-ovarian and non-adnexal malignancy without CC/MCC","0","2023-04-01"
"742","13","Surgical","Uterine and adnexa procedures for non-malignancy with CC/MCC","0","2023-04-01"
"743","13","Surgical","Uterine and adnexa procedures for non-malignancy without CC/MCC","0","2023-04-01"
"744","13","Surgical","D&C, conization, laparoscopy and tubal interruption with CC/MCC","0","2023-04-01"
"745","13","Surgical","D&C, conization, laparoscopy and tubal interruption without CC/MCC","0","2023-04-01"
"746","13","Surgical","Vagina, cervix and vulva procedures with CC/MCC","0","2023-04-01"
"747","13","Surgical","Vagina, cervix and vulva procedures without CC/MCC","0","2023-04-01"
"748","13","Surgical","Female reproductive system reconstructive procedures","0","2023-04-01"
"749","13","Surgical","Other female reproductive system O.R. procedures with CC/MCC","0","2023-04-01"
"750","13","Surgical","Other female reproductive system O.R. procedures without CC/MCC","0","2023-04-01"
"754","13","Medical","Malignancy, female reproductive system with MCC","0","2023-04-01"
"755","13","Medical","Malignancy, female reproductive system with CC","0","2023-04-01"
"756","13","Medical","Malignancy, female reproductive system without CC/MCC","0","2023-04-01"
"757","13","Medical","Infections, female reproductive system with MCC","0","2023-04-01"
"758","13","Medical","Infections, female reproductive system with CC","0","2023-04-01"
"759","13","Medical","Infections, female reproductive system without CC/MCC","0","2023-04-01"
"760","13","Medical","Menstrual and other female reproductive system disorders with CC/MCC","0","2023-04-01"
"761","13","Medical","Menstrual and other female reproductive system disorders without CC/MCC","0","2023-04-01"
"765",,,"Cesarean section w CC/MCC","1","2018-10-01"
"766",,,"Cesarean section w/o CC/MCC","1","2018-10-01"
"767",,,"Vaginal delivery w sterilization &/or D&C","1","2018-10-01"
"768","14","Surgical","Vaginal delivery with O.R. procedures except sterilization and/or D&C","0","2023-04-01"
"769","14","Surgical","Postpartum and post abortion diagnoses with O.R. procedures","0","2023-04-01"
"770","14","Surgical","Abortion with D&C, aspiration curettage or hysterotomy","0","2023-04-01"
"774",,,"Vaginal delivery w complicating diagnoses","1","2018-10-01"
"775",,,"Vaginal delivery w/o complicating diagnoses","1","2018-10-01"
"776","14","Medical","Postpartum and post abortion diagnoses without O.R. procedures","0","2023-04-01"
"777",,,"Ectopic pregnancy","1","2018-10-01"
"778",,,"Threatened abortion","1","2018-10-01"
"779","14","Medical","Abortion without D&C","0","2023-04-01"
"780",,,"False labor","1","2018-10-01"
"781",,,"Other antepartum diagnoses w medical complications","1","2018-10-01"
"782",,,"Other antepartum diagnoses w/o medical complications","1","2018-10-01"
"783","14","Surgical","Cesarean section with sterilization with MCC","0","2023-04-01"
"784","14","Surgical","Cesarean section with sterilization with CC","0","2023-04-01"
"785","14","Surgical","Cesarean section with sterilization without CC/MCC","0","2023-04-01"
"786","14","Surgical","Cesarean section without sterilization with MCC","0","2023-04-01"
"787","14","Surgical","Cesarean section without sterilization with CC","0","2023-04-01"
"788","14","Surgical","Cesarean section without sterilization without CC/MCC","0","2023-04-01"
"789","15","Medical","Neonates, died or transferred to another acute care facility","0","2023-04-01"
"790","15","Medical","Extreme immaturity or respiratory distress syndrome, neonate","0","2023-04-01"
"791","15","Medical","Prematurity with major problems","0","2023-04-01"
"792","15","Medical","Prematurity without major problems","0","2023-04-01"
"793","15","Medical","Full term neonate with major problems","0","2023-04-01"
"794","15","Medical","Neonate with other significant problems","0","2023-04-01"
"795","15","Medical","Normal newborn","0","2023-04-01"
"796","14","Surgical","Vaginal delivery with sterilization and/or D&C with MCC","0","2023-04-01"
"797","14","Surgical","Vaginal delivery with sterilization and/or D&C with CC","0","2023-04-01"
"798","14","Surgical","Vaginal delivery with sterilization and/or D&C without CC/MCC","0","2023-04-01"
"799","16","Surgical","Splenectomy with MCC","0","2023-04-01"
"800","16","Surgical","Splenectomy with CC","0","2023-04-01"
"801","16","Surgical","Splenectomy without CC/MCC","0","2023-04-01"
"802","16","Surgical","Other O.R. procedures of the blood and blood forming organs with MCC","0","2023-04-01"
"803","16","Surgical","Other O.R. procedures of the blood and blood forming organs with CC","0","2023-04-01"
"804","16","Surgical","Other O.R. procedures of the blood and blood forming organs without CC/MCC","0","2023-04-01"
"805","14","Medical","Vaginal delivery without sterilization or D&C with MCC","0","2023-04-01"
"806","14","Medical","Vaginal delivery without sterilization or D&C with CC","0","2023-04-01"
"807","14","Medical","Vaginal delivery without sterilization or D&C without CC/MCC","0","2023-04-01"
"808","16","Medical","Major hematological and immunological diagnoses except sickle cell crisis and coagulation disorders with MCC","0","2023-04-01"
"809","16","Medical","Major hematological and immunological diagnoses except sickle cell crisis and coagulation disorders with CC","0","2023-04-01"
"810","16","Medical","Major hematological and immunological diagnoses except sickle cell crisis and coagulation disorders without CC/MCC","0","2023-04-01"
"811","16","Medical","Red blood cell disorders with MCC","0","2023-04-01"
"812","16","Medical","Red blood cell disorders without MCC","0","2023-04-01"
"813","16","Medical","Coagulation disorders","0","2023-04-01"
"814","16","Medical","Reticuloendothelial and immunity disorders with MCC","0","2023-04-01"
"815","16","Medical","Reticuloendothelial and immunity disorders with CC","0","2023-04-01"
"816","16","Medical","Reticuloendothelial and immunity disorders without CC/MCC","0","2023-04-01"
"817","14","Surgical","Other antepartum diagnoses with O.R. procedures with MCC","0","2023-04-01"
"818","14","Surgical","Other antepartum diagnoses with O.R. procedures with CC","0","2023-04-01"
"819","14","Surgical","Other antepartum diagnoses with O.R. procedures without CC/MCC","0","2023-04-01"
"820","17","Surgical","Lymphoma and leukemia with major O.R. procedures with MCC","0","2023-04-01"
"821","17","Surgical","Lymphoma and leukemia with major O.R. procedures with CC","0","2023-04-01"
"822","17","Surgical","Lymphoma and leukemia with major O.R. procedures without CC/MCC","0","2023-04-01"
"823","17","Surgical","Lymphoma and non-acute leukemia with other procedures with MCC","0","2023-04-01"
"824","17","Surgical","Lymphoma and non-acute leukemia with other procedures with CC","0","2023-04-01"
"825","17","Surgical","Lymphoma and non-acute leukemia with other procedures without CC/MCC","0","2023-04-01"
"826","17","Surgical","Myeloproliferative disorders or poorly differentiated neoplasms with major O.R. procedures with MCC","0","2023-04-01"
"827","17","Surgical","Myeloproliferative disorders or poorly differentiated neoplasms with major O.R. procedures with CC","0","2023-04-01"
"828","17","Surgical","Myeloproliferative disorders or poorly differentiated neoplasms with major O.R. procedures without CC/MCC","0","2023-04-01"
"829","17","Surgical","Myeloproliferative disorders or poorly differentiated neoplasms with other procedures with CC/MCC","0","2023-04-01"
"830","17","Surgical","Myeloproliferative disorders or poorly differentiated neoplasms with other procedures without CC/MCC","0","2023-04-01"
"831","14","Medical","Other antepartum diagnoses without O.R. procedures with MCC","0","2023-04-01"
"832","14","Medical","Other antepartum diagnoses without O.R. procedures with CC","0","2023-04-01"
"833","14","Medical","Other antepartum diagnoses without O.R. procedures without CC/MCC","0","2023-04-01"
"834","17","Medical","Acute leukemia without major O.R. procedures with MCC","0","2023-04-01"
"835","17","Medical","Acute leukemia without major O.R. procedures with CC","0","2023-04-01"
"836","17","Medical","Acute leukemia without major O.R. procedures without CC/MCC","0","2023-04-01"
"837","17","Medical","Chemotherapy with acute leukemia as secondary diagnosis or with high dose chemotherapy agent with MCC","0","2023-04-01"
"838","17","Medical","Chemotherapy with acute leukemia as secondary diagnosis with CC or high dose chemotherapy agent","0","2023-04-01"
"839","17","Medical","Chemotherapy with acute leukemia as secondary diagnosis without CC/MCC","0","2023-04-01"
"840","17","Medical","Lymphoma and non-acute leukemia with MCC","0","2023-04-01"
"841","17","Medical","Lymphoma and non-acute leukemia with CC","0","2023-04-01"
"842","17","Medical","Lymphoma and non-acute leukemia without CC/MCC","0","2023-04-01"
"843","17","Medical","Other myeloproliferative disorders or poorly differentiated neoplastic diagnoses with MCC","0","2023-04-01"
"844","17","Medical","Other myeloproliferative disorders or poorly differentiated neoplastic diagnoses with CC","0","2023-04-01"
"845","17","Medical","Other myeloproliferative disorders or poorly differentiated neoplastic diagnoses without CC/MCC","0","2023-04-01"
"846","17","Medical","Chemotherapy without acute leukemia as secondary diagnosis with MCC","0","2023-04-01"
"847","17","Medical","Chemotherapy without acute leukemia as secondary diagnosis with CC","0","2023-04-01"
"848","17","Medical","Chemotherapy without acute leukemia as secondary diagnosis without CC/MCC","0","2023-04-01"
"849","17","Medical","Radiotherapy","0","2023-04-01"
"853","18","Surgical","Infectious and parasitic diseases with O.R. procedures with MCC","0","2023-04-01"
"854","18","Surgical","Infectious and parasitic diseases with O.R. procedures with CC","0","2023-04-01"
"855","18","Surgical","Infectious and parasitic diseases with O.R. procedures without CC/MCC","0","2023-04-01"
"856","18","Surgical","Postoperative or post-traumatic infections with O.R. procedures with MCC","0","2023-04-01"
"857","18","Surgical","Postoperative or post-traumatic infections with O.R. procedures with CC","0","2023-04-01"
"858","18","Surgical","Postoperative or post-traumatic infections with O.R. procedures without CC/MCC","0","2023-04-01"
"862","18","Medical","Postoperative and post-traumatic infections with MCC","0","2023-04-01"
"863","18","Medical","Postoperative and post-traumatic infections without MCC","0","2023-04-01"
"864","18","Medical","Fever and inflammatory conditions","0","2023-04-01"
"865","18","Medical","Viral illness with MCC","0","2023-04-01"
"866","18","Medical","Viral illness without MCC","0","2023-04-01"
"867","18","Medical","Other infectious and parasitic diseases diagnoses with MCC","0","2023-04-01"
"868","18","Medical","Other infectious and parasitic diseases diagnoses with CC","0","2023-04-01"
"869","18","Medical","Other infectious and parasitic diseases diagnoses without CC/MCC","0","2023-04-01"
"870","18","Medical","Septicemia or severe sepsis with MV >96 hours","0","2023-04-01"
"871","18","Medical","Septicemia or severe sepsis without MV >96 hours with MCC","0","2023-04-01"
"872","18","Medical","Septicemia or severe sepsis without MV >96 hours without MCC","0","2023-04-01"
"876","19","Surgical","O.R. procedures with principal diagnosis of mental illness","0","2023-04-01"
"880","19","Medical","Acute adjustment reaction and psychosocial dysfunction","0","2023-04-01"
"881","19","Medical","Depressive neuroses","0","2023-04-01"
"882","19","Medical","Neuroses except depressive","0","2023-04-01"
"883","19","Medical","Disorders of personality and impulse control","0","2023-04-01"
"884","19","Medical","Organic disturbances and intellectual disability","0","2023-04-01"
"885","19","Medical","Psychoses","0","2023-04-01"
"886","19","Medical","Behavioral and developmental disorders","0","2023-04-01"
"887","19","Medical","Other mental disorder diagnoses","0","2023-04-01"
"894","20","Medical","Alcohol, drug abuse or dependence, left AMA","0","2023-04-01"
"895","20","Medical","Alcohol, drug abuse or dependence with rehabilitation therapy","0","2023-04-01"
"896","20","Medical","Alcohol, drug abuse or dependence without rehabilitation therapy with MCC","0","2023-04-01"
"897","20","Medical","Alcohol, drug abuse or dependence without rehabilitation therapy without MCC","0","2023-04-01"
"901","21","Surgical","Wound debridements for injuries with MCC","0","2023-04-01"
"902","21","Surgical","Wound debridements for injuries with CC","0","2023-04-01"
"903","21","Surgical","Wound debridements for injuries without CC/MCC","0","2023-04-01"
"904","21","Surgical","Skin grafts for injuries with CC/MCC","0","2023-04-01"
"905","21","Surgical","Skin grafts for injuries without CC/MCC","0","2023-04-01"
"906","21","Surgical","Hand procedures for injuries","0","2023-04-01"
"907","21","Surgical","Other O.R. procedures for injuries with MCC","0","2023-04-01"
"908","21","Surgical","Other O.R. procedures for injuries with CC","0","2023-04-01"
"909","21","Surgical","Other O.R. procedures for injuries without CC/MCC","0","2023-04-01"
"913","21","Medical","Traumatic injury with MCC","0","2023-04-01"
"914","21","Medical","Traumatic injury without MCC","0","2023-04-01"
"915","21","Medical","Allergic reactions with MCC","0","2023-04-01"
"916","21","Medical","Allergic reactions without MCC","0","2023-04-01"
"917","21","Medical","Poisoning and toxic effects of drugs with MCC","0","2023-04-01"
"918","21","Medical","Poisoning and toxic effects of drugs without MCC","0","2023-04-01"
"919","21","Medical","Complications of treatment with MCC","0","2023-04-01"
"920","21","Medical","Complications of treatment with CC","0","2023-04-01"
"921","21","Medical","Complications of treatment without CC/MCC","0","2023-04-01"
"922","21","Medical","Other injury, poisoning and toxic effect diagnoses with MCC","0","2023-04-01"
"923","21","Medical","Other injury, poisoning and toxic effect diagnoses without MCC","0","2023-04-01"
"927","22","Surgical","Extensive burns or full thickness burns with MV >96 hours with skin graft","0","2023-04-01"
"928","22","Surgical","Full thickness burn with skin graft or inhalation injury with CC/MCC","0","2023-04-01"
"929","22","Surgical","Full thickness burn with skin graft or inhalation injury without CC/MCC","0","2023-04-01"
"933","22","Medical","Extensive burns or full thickness burns with MV >96 hours without skin graft","0","2023-04-01"
"934","22","Medical","Full thickness burn without skin graft or inhalation injury","0","2023-04-01"
"935","22","Medical","Non-extensive burns","0","2023-04-01"
"939","23","Surgical","O.R. procedures with diagnoses of other contact with health services with MCC","0","2023-04-01"
"940","23","Surgical","O.R. procedures with diagnoses of other contact with health services with CC","0","2023-04-01"
"941","23","Surgical","O.R. procedures with diagnoses of other contact with health services without CC/MCC","0","2023-04-01"
"945","23","Medical","Rehabilitation with CC/MCC","0","2023-04-01"
"946","23","Medical","Rehabilitation without CC/MCC","0","2023-04-01"
"947","23","Medical","Signs and symptoms with MCC","0","2023-04-01"
"948","23","Medical","Signs and symptoms without MCC","0","2023-04-01"
"949","23","Medical","Aftercare with CC/MCC","0","2023-04-01"
"950","23","Medical","Aftercare without CC/MCC","0","2023-04-01"
"951","23","Medical","Other factors influencing health status","0","2023-04-01"
"955","24","Surgical","Craniotomy for multiple significant trauma","0","2023-04-01"
"956","24","Surgical","Limb reattachment, hip and femur procedures for multiple significant trauma","0","2023-04-01"
"957","24","Surgical","Other O.R. procedures for multiple significant trauma with MCC","0","2023-04-01"
"958","24","Surgical","Other O.R. procedures for multiple significant trauma with CC","0","2023-04-01"
"959","24","Surgical","Other O.R. procedures for multiple significant trauma without CC/MCC","0","2023-04-01"
"963","24","Medical","Other multiple significant trauma with MCC","0","2023-04-01"
"964","24","Medical","Other multiple significant trauma with CC","0","2023-04-01"
"965","24","Medical","Other multiple significant trauma without CC/MCC","0","2023-04-01"
"969","25","Surgical","HIV with extensive O.R. procedures with MCC","0","2023-04-01"
"970","25","Surgical","HIV with extensive O.R. procedures without MCC","0","2023-04-01"
"974","25","Medical","HIV with major related condition with MCC","0","2023-04-01"
"975","25","Medical","HIV with major related condition with CC","0","2023-04-01"
"976","25","Medical","HIV with major related condition without CC/MCC","0","2023-04-01"
"977","25","Medical","HIV with or without other related condition","0","2023-04-01"
"981",,"Surgical","Extensive O.R. procedures unrelated to principal diagnosis with MCC","0","2023-04-01"
"982",,"Surgical","Extensive O.R. procedures unrelated to principal diagnosis with CC","0","2023-04-01"
"983",,"Surgical","Extensive O.R. procedures unrelated to principal diagnosis without CC/MCC","0","2023-04-01"
"984",,,"Prostatic O.R. procedure unrelated to principal diagnosis w MCC","1","2017-10-01"
"985",,,"Prostatic O.R. procedure unrelated to principal diagnosis w CC","1","2017-10-01"
"986",,,"Prostatic O.R. procedure unrelated to principal diagnosis w/o CC/MCC","1","2017-10-01"
"987",,"Surgical","Non-extensive O.R. procedures unrelated to principal diagnosis with MCC","0","2023-04-01"
"988",,"Surgical","Non-extensive O.R. procedures unrelated to principal diagnosis with CC","0","2023-04-01"
"989",,"Surgical","Non-extensive O.R. procedures unrelated to principal diagnosis without CC/MCC","0","2023-04-01"
"998",,,"Principal diagnosis invalid as discharge diagnosis","0","2023-04-01"
"999",,,"Ungroupable","0","2023-04-01"
