model_version,factor_type,enrollment_status,medicaid_status,dual_status,orec,institutional_status,short_name,description,hcc_code_1,hcc_code_2,coefficient
CMS-HCC-V24,Interactions,Continuing,No,Non,Aged,No,HCC47_gCancer,Immune Disorders (HCC 47) & Cancer (HCCs 8-12),47,8,0.838
CMS-HCC-V24,Interactions,Continuing,No,Non,Disabled,No,HCC47_gCancer,Immune Disorders (HCC 47) & Cancer (HCCs 8-12),47,8,0.46
CMS-HCC-V24,Interactions,Continuing,Yes,Full,Aged,No,HCC47_gCancer,Immune Disorders (HCC 47) & Cancer (HCCs 8-12),47,8,0.853
CMS-HCC-V24,Interactions,Continuing,Yes,Full,Disabled,No,HCC47_gCancer,Immune Disorders (HCC 47) & Cancer (HCCs 8-12),47,8,0.679
CMS-HCC-V24,Interactions,Continuing,Yes,Partial,Aged,No,HCC47_gCancer,Immune Disorders (HCC 47) & Cancer (HCCs 8-12),47,8,0.656
CMS-HCC-V24,Interactions,Continuing,Yes,Partial,Disabled,No,HCC47_gCancer,Immune Disorders (HCC 47) & Cancer (HCCs 8-12),47,8,0.601
CMS-HCC-V24,Interactions,Continuing,No,Non,Aged,No,HCC47_gCancer,Immune Disorders (HCC 47) & Cancer (HCCs 8-12),47,9,0.838
CMS-HCC-V24,Interactions,Continuing,No,Non,Disabled,No,HCC47_gCancer,Immune Disorders (HCC 47) & Cancer (HCCs 8-12),47,9,0.46
CMS-HCC-V24,Interactions,Continuing,Yes,Full,Aged,No,HCC47_gCancer,Immune Disorders (HCC 47) & Cancer (HCCs 8-12),47,9,0.853
CMS-HCC-V24,Interactions,Continuing,Yes,Full,Disabled,No,HCC47_gCancer,Immune Disorders (HCC 47) & Cancer (HCCs 8-12),47,9,0.679
CMS-HCC-V24,Interactions,Continuing,Yes,Partial,Aged,No,HCC47_gCancer,Immune Disorders (HCC 47) & Cancer (HCCs 8-12),47,9,0.656
CMS-HCC-V24,Interactions,Continuing,Yes,Partial,Disabled,No,HCC47_gCancer,Immune Disorders (HCC 47) & Cancer (HCCs 8-12),47,9,0.601
CMS-HCC-V24,Interactions,Continuing,No,Non,Aged,No,HCC47_gCancer,Immune Disorders (HCC 47) & Cancer (HCCs 8-12),47,10,0.838
CMS-HCC-V24,Interactions,Continuing,No,Non,Disabled,No,HCC47_gCancer,Immune Disorders (HCC 47) & Cancer (HCCs 8-12),47,10,0.46
CMS-HCC-V24,Interactions,Continuing,Yes,Full,Aged,No,HCC47_gCancer,Immune Disorders (HCC 47) & Cancer (HCCs 8-12),47,10,0.853
CMS-HCC-V24,Interactions,Continuing,Yes,Full,Disabled,No,HCC47_gCancer,Immune Disorders (HCC 47) & Cancer (HCCs 8-12),47,10,0.679
CMS-HCC-V24,Interactions,Continuing,Yes,Partial,Aged,No,HCC47_gCancer,Immune Disorders (HCC 47) & Cancer (HCCs 8-12),47,10,0.656
CMS-HCC-V24,Interactions,Continuing,Yes,Partial,Disabled,No,HCC47_gCancer,Immune Disorders (HCC 47) & Cancer (HCCs 8-12),47,10,0.601
CMS-HCC-V24,Interactions,Continuing,No,Non,Aged,No,HCC47_gCancer,Immune Disorders (HCC 47) & Cancer (HCCs 8-12),47,11,0.838
CMS-HCC-V24,Interactions,Continuing,No,Non,Disabled,No,HCC47_gCancer,Immune Disorders (HCC 47) & Cancer (HCCs 8-12),47,11,0.46
CMS-HCC-V24,Interactions,Continuing,Yes,Full,Aged,No,HCC47_gCancer,Immune Disorders (HCC 47) & Cancer (HCCs 8-12),47,11,0.853
CMS-HCC-V24,Interactions,Continuing,Yes,Full,Disabled,No,HCC47_gCancer,Immune Disorders (HCC 47) & Cancer (HCCs 8-12),47,11,0.679
CMS-HCC-V24,Interactions,Continuing,Yes,Partial,Aged,No,HCC47_gCancer,Immune Disorders (HCC 47) & Cancer (HCCs 8-12),47,11,0.656
CMS-HCC-V24,Interactions,Continuing,Yes,Partial,Disabled,No,HCC47_gCancer,Immune Disorders (HCC 47) & Cancer (HCCs 8-12),47,11,0.601
CMS-HCC-V24,Interactions,Continuing,No,Non,Aged,No,HCC47_gCancer,Immune Disorders (HCC 47) & Cancer (HCCs 8-12),47,12,0.838
CMS-HCC-V24,Interactions,Continuing,No,Non,Disabled,No,HCC47_gCancer,Immune Disorders (HCC 47) & Cancer (HCCs 8-12),47,12,0.46
CMS-HCC-V24,Interactions,Continuing,Yes,Full,Aged,No,HCC47_gCancer,Immune Disorders (HCC 47) & Cancer (HCCs 8-12),47,12,0.853
CMS-HCC-V24,Interactions,Continuing,Yes,Full,Disabled,No,HCC47_gCancer,Immune Disorders (HCC 47) & Cancer (HCCs 8-12),47,12,0.679
CMS-HCC-V24,Interactions,Continuing,Yes,Partial,Aged,No,HCC47_gCancer,Immune Disorders (HCC 47) & Cancer (HCCs 8-12),47,12,0.656
CMS-HCC-V24,Interactions,Continuing,Yes,Partial,Disabled,No,HCC47_gCancer,Immune Disorders (HCC 47) & Cancer (HCCs 8-12),47,12,0.601
CMS-HCC-V24,Interactions,Continuing,No,Non,Aged,No,Diabetes_CHF,Congestive Heart Failure (HCC 85) & Diabetes (HCCs 17-19),85,17,0.121
CMS-HCC-V24,Interactions,Continuing,No,Non,Disabled,No,Diabetes_CHF,Congestive Heart Failure (HCC 85) & Diabetes (HCCs 17-19),85,17,0.024
CMS-HCC-V24,Interactions,Continuing,Yes,Full,Aged,No,Diabetes_CHF,Congestive Heart Failure (HCC 85) & Diabetes (HCCs 17-19),85,17,0.192
CMS-HCC-V24,Interactions,Continuing,Yes,Full,Disabled,No,Diabetes_CHF,Congestive Heart Failure (HCC 85) & Diabetes (HCCs 17-19),85,17,0.043
CMS-HCC-V24,Interactions,Continuing,Yes,Partial,Aged,No,Diabetes_CHF,Congestive Heart Failure (HCC 85) & Diabetes (HCCs 17-19),85,17,0.113
CMS-HCC-V24,Interactions,Continuing,,,,Yes,Diabetes_CHF,Congestive Heart Failure (HCC 85) & Diabetes (HCCs 17-19),85,17,0.169
CMS-HCC-V24,Interactions,Continuing,No,Non,Aged,No,Diabetes_CHF,Congestive Heart Failure (HCC 85) & Diabetes (HCCs 17-19),85,18,0.121
CMS-HCC-V24,Interactions,Continuing,No,Non,Disabled,No,Diabetes_CHF,Congestive Heart Failure (HCC 85) & Diabetes (HCCs 17-19),85,18,0.024
CMS-HCC-V24,Interactions,Continuing,Yes,Full,Aged,No,Diabetes_CHF,Congestive Heart Failure (HCC 85) & Diabetes (HCCs 17-19),85,18,0.192
CMS-HCC-V24,Interactions,Continuing,Yes,Full,Disabled,No,Diabetes_CHF,Congestive Heart Failure (HCC 85) & Diabetes (HCCs 17-19),85,18,0.043
CMS-HCC-V24,Interactions,Continuing,Yes,Partial,Aged,No,Diabetes_CHF,Congestive Heart Failure (HCC 85) & Diabetes (HCCs 17-19),85,18,0.113
CMS-HCC-V24,Interactions,Continuing,,,,Yes,Diabetes_CHF,Congestive Heart Failure (HCC 85) & Diabetes (HCCs 17-19),85,18,0.169
CMS-HCC-V24,Interactions,Continuing,No,Non,Aged,No,Diabetes_CHF,Congestive Heart Failure (HCC 85) & Diabetes (HCCs 17-19),85,19,0.121
CMS-HCC-V24,Interactions,Continuing,No,Non,Disabled,No,Diabetes_CHF,Congestive Heart Failure (HCC 85) & Diabetes (HCCs 17-19),85,19,0.024
CMS-HCC-V24,Interactions,Continuing,Yes,Full,Aged,No,Diabetes_CHF,Congestive Heart Failure (HCC 85) & Diabetes (HCCs 17-19),85,19,0.192
CMS-HCC-V24,Interactions,Continuing,Yes,Full,Disabled,No,Diabetes_CHF,Congestive Heart Failure (HCC 85) & Diabetes (HCCs 17-19),85,19,0.043
CMS-HCC-V24,Interactions,Continuing,Yes,Partial,Aged,No,Diabetes_CHF,Congestive Heart Failure (HCC 85) & Diabetes (HCCs 17-19),85,19,0.113
CMS-HCC-V24,Interactions,Continuing,,,,Yes,Diabetes_CHF,Congestive Heart Failure (HCC 85) & Diabetes (HCCs 17-19),85,19,0.169
CMS-HCC-V24,Interactions,Continuing,No,Non,Aged,No,CHF_gCopdCF,Congestive Heart Failure (HCC 85) & Chronic Obstructive Pulmonary Disease (HCCs 110-112),85,110,0.155
CMS-HCC-V24,Interactions,Continuing,No,Non,Disabled,No,CHF_gCopdCF,Congestive Heart Failure (HCC 85) & Chronic Obstructive Pulmonary Disease (HCCs 110-112),85,110,0.121
CMS-HCC-V24,Interactions,Continuing,Yes,Full,Aged,No,CHF_gCopdCF,Congestive Heart Failure (HCC 85) & Chronic Obstructive Pulmonary Disease (HCCs 110-112),85,110,0.23
CMS-HCC-V24,Interactions,Continuing,Yes,Full,Disabled,No,CHF_gCopdCF,Congestive Heart Failure (HCC 85) & Chronic Obstructive Pulmonary Disease (HCCs 110-112),85,110,0.154
CMS-HCC-V24,Interactions,Continuing,Yes,Partial,Aged,No,CHF_gCopdCF,Congestive Heart Failure (HCC 85) & Chronic Obstructive Pulmonary Disease (HCCs 110-112),85,110,0.158
CMS-HCC-V24,Interactions,Continuing,Yes,Partial,Disabled,No,CHF_gCopdCF,Congestive Heart Failure (HCC 85) & Chronic Obstructive Pulmonary Disease (HCCs 110-112),85,110,0.141
CMS-HCC-V24,Interactions,Continuing,,,,Yes,CHF_gCopdCF,Congestive Heart Failure (HCC 85) & Chronic Obstructive Pulmonary Disease (HCCs 110-112),85,110,0.191
CMS-HCC-V24,Interactions,Continuing,No,Non,Aged,No,CHF_gCopdCF,Congestive Heart Failure (HCC 85) & Chronic Obstructive Pulmonary Disease (HCCs 110-112),85,111,0.155
CMS-HCC-V24,Interactions,Continuing,No,Non,Disabled,No,CHF_gCopdCF,Congestive Heart Failure (HCC 85) & Chronic Obstructive Pulmonary Disease (HCCs 110-112),85,111,0.121
CMS-HCC-V24,Interactions,Continuing,Yes,Full,Aged,No,CHF_gCopdCF,Congestive Heart Failure (HCC 85) & Chronic Obstructive Pulmonary Disease (HCCs 110-112),85,111,0.23
CMS-HCC-V24,Interactions,Continuing,Yes,Full,Disabled,No,CHF_gCopdCF,Congestive Heart Failure (HCC 85) & Chronic Obstructive Pulmonary Disease (HCCs 110-112),85,111,0.154
CMS-HCC-V24,Interactions,Continuing,Yes,Partial,Aged,No,CHF_gCopdCF,Congestive Heart Failure (HCC 85) & Chronic Obstructive Pulmonary Disease (HCCs 110-112),85,111,0.158
CMS-HCC-V24,Interactions,Continuing,Yes,Partial,Disabled,No,CHF_gCopdCF,Congestive Heart Failure (HCC 85) & Chronic Obstructive Pulmonary Disease (HCCs 110-112),85,111,0.141
CMS-HCC-V24,Interactions,Continuing,,,,Yes,CHF_gCopdCF,Congestive Heart Failure (HCC 85) & Chronic Obstructive Pulmonary Disease (HCCs 110-112),85,111,0.191
CMS-HCC-V24,Interactions,Continuing,No,Non,Aged,No,CHF_gCopdCF,Congestive Heart Failure (HCC 85) & Chronic Obstructive Pulmonary Disease (HCCs 110-112),85,112,0.155
CMS-HCC-V24,Interactions,Continuing,No,Non,Disabled,No,CHF_gCopdCF,Congestive Heart Failure (HCC 85) & Chronic Obstructive Pulmonary Disease (HCCs 110-112),85,112,0.121
CMS-HCC-V24,Interactions,Continuing,Yes,Full,Aged,No,CHF_gCopdCF,Congestive Heart Failure (HCC 85) & Chronic Obstructive Pulmonary Disease (HCCs 110-112),85,112,0.23
CMS-HCC-V24,Interactions,Continuing,Yes,Full,Disabled,No,CHF_gCopdCF,Congestive Heart Failure (HCC 85) & Chronic Obstructive Pulmonary Disease (HCCs 110-112),85,112,0.154
CMS-HCC-V24,Interactions,Continuing,Yes,Partial,Aged,No,CHF_gCopdCF,Congestive Heart Failure (HCC 85) & Chronic Obstructive Pulmonary Disease (HCCs 110-112),85,112,0.158
CMS-HCC-V24,Interactions,Continuing,Yes,Partial,Disabled,No,CHF_gCopdCF,Congestive Heart Failure (HCC 85) & Chronic Obstructive Pulmonary Disease (HCCs 110-112),85,112,0.141
CMS-HCC-V24,Interactions,Continuing,,,,Yes,CHF_gCopdCF,Congestive Heart Failure (HCC 85) & Chronic Obstructive Pulmonary Disease (HCCs 110-112),85,112,0.191
CMS-HCC-V24,Interactions,Continuing,No,Non,Aged,No,HCC85_gRenal_v24,Congestive Heart Failure (HCC 85) & Renal (HCCs 134-138),85,134,0.156
CMS-HCC-V24,Interactions,Continuing,No,Non,Disabled,No,HCC85_gRenal_v24,Congestive Heart Failure (HCC 85) & Renal (HCCs 134-138),85,134,0.411
CMS-HCC-V24,Interactions,Continuing,Yes,Full,Aged,No,HCC85_gRenal_v24,Congestive Heart Failure (HCC 85) & Renal (HCCs 134-138),85,134,0.187
CMS-HCC-V24,Interactions,Continuing,Yes,Full,Disabled,No,HCC85_gRenal_v24,Congestive Heart Failure (HCC 85) & Renal (HCCs 134-138),85,134,0.461
CMS-HCC-V24,Interactions,Continuing,Yes,Partial,Aged,No,HCC85_gRenal_v24,Congestive Heart Failure (HCC 85) & Renal (HCCs 134-138),85,134,0.186
CMS-HCC-V24,Interactions,Continuing,Yes,Partial,Disabled,No,HCC85_gRenal_v24,Congestive Heart Failure (HCC 85) & Renal (HCCs 134-138),85,134,0.382
CMS-HCC-V24,Interactions,Continuing,No,Non,Aged,No,HCC85_gRenal_v24,Congestive Heart Failure (HCC 85) & Renal (HCCs 134-138),85,135,0.156
CMS-HCC-V24,Interactions,Continuing,No,Non,Disabled,No,HCC85_gRenal_v24,Congestive Heart Failure (HCC 85) & Renal (HCCs 134-138),85,135,0.411
CMS-HCC-V24,Interactions,Continuing,Yes,Full,Aged,No,HCC85_gRenal_v24,Congestive Heart Failure (HCC 85) & Renal (HCCs 134-138),85,135,0.187
CMS-HCC-V24,Interactions,Continuing,Yes,Full,Disabled,No,HCC85_gRenal_v24,Congestive Heart Failure (HCC 85) & Renal (HCCs 134-138),85,135,0.461
CMS-HCC-V24,Interactions,Continuing,Yes,Partial,Aged,No,HCC85_gRenal_v24,Congestive Heart Failure (HCC 85) & Renal (HCCs 134-138),85,135,0.186
CMS-HCC-V24,Interactions,Continuing,Yes,Partial,Disabled,No,HCC85_gRenal_v24,Congestive Heart Failure (HCC 85) & Renal (HCCs 134-138),85,135,0.382
CMS-HCC-V24,Interactions,Continuing,No,Non,Aged,No,HCC85_gRenal_v24,Congestive Heart Failure (HCC 85) & Renal (HCCs 134-138),85,136,0.156
CMS-HCC-V24,Interactions,Continuing,No,Non,Disabled,No,HCC85_gRenal_v24,Congestive Heart Failure (HCC 85) & Renal (HCCs 134-138),85,136,0.411
CMS-HCC-V24,Interactions,Continuing,Yes,Full,Aged,No,HCC85_gRenal_v24,Congestive Heart Failure (HCC 85) & Renal (HCCs 134-138),85,136,0.187
CMS-HCC-V24,Interactions,Continuing,Yes,Full,Disabled,No,HCC85_gRenal_v24,Congestive Heart Failure (HCC 85) & Renal (HCCs 134-138),85,136,0.461
CMS-HCC-V24,Interactions,Continuing,Yes,Partial,Aged,No,HCC85_gRenal_v24,Congestive Heart Failure (HCC 85) & Renal (HCCs 134-138),85,136,0.186
CMS-HCC-V24,Interactions,Continuing,Yes,Partial,Disabled,No,HCC85_gRenal_v24,Congestive Heart Failure (HCC 85) & Renal (HCCs 134-138),85,136,0.382
CMS-HCC-V24,Interactions,Continuing,No,Non,Aged,No,HCC85_gRenal_v24,Congestive Heart Failure (HCC 85) & Renal (HCCs 134-138),85,137,0.156
CMS-HCC-V24,Interactions,Continuing,No,Non,Disabled,No,HCC85_gRenal_v24,Congestive Heart Failure (HCC 85) & Renal (HCCs 134-138),85,137,0.411
CMS-HCC-V24,Interactions,Continuing,Yes,Full,Aged,No,HCC85_gRenal_v24,Congestive Heart Failure (HCC 85) & Renal (HCCs 134-138),85,137,0.187
CMS-HCC-V24,Interactions,Continuing,Yes,Full,Disabled,No,HCC85_gRenal_v24,Congestive Heart Failure (HCC 85) & Renal (HCCs 134-138),85,137,0.461
CMS-HCC-V24,Interactions,Continuing,Yes,Partial,Aged,No,HCC85_gRenal_v24,Congestive Heart Failure (HCC 85) & Renal (HCCs 134-138),85,137,0.186
CMS-HCC-V24,Interactions,Continuing,Yes,Partial,Disabled,No,HCC85_gRenal_v24,Congestive Heart Failure (HCC 85) & Renal (HCCs 134-138),85,137,0.382
CMS-HCC-V24,Interactions,Continuing,No,Non,Aged,No,HCC85_gRenal_v24,Congestive Heart Failure (HCC 85) & Renal (HCCs 134-138),85,138,0.156
CMS-HCC-V24,Interactions,Continuing,No,Non,Disabled,No,HCC85_gRenal_v24,Congestive Heart Failure (HCC 85) & Renal (HCCs 134-138),85,138,0.411
CMS-HCC-V24,Interactions,Continuing,Yes,Full,Aged,No,HCC85_gRenal_v24,Congestive Heart Failure (HCC 85) & Renal (HCCs 134-138),85,138,0.187
CMS-HCC-V24,Interactions,Continuing,Yes,Full,Disabled,No,HCC85_gRenal_v24,Congestive Heart Failure (HCC 85) & Renal (HCCs 134-138),85,138,0.461
CMS-HCC-V24,Interactions,Continuing,Yes,Partial,Aged,No,HCC85_gRenal_v24,Congestive Heart Failure (HCC 85) & Renal (HCCs 134-138),85,138,0.186
CMS-HCC-V24,Interactions,Continuing,Yes,Partial,Disabled,No,HCC85_gRenal_v24,Congestive Heart Failure (HCC 85) & Renal (HCCs 134-138),85,138,0.382
CMS-HCC-V24,Interactions,Continuing,No,Non,Aged,No,gCopdCF_CARD_RESP_FAIL,Cardiorespiratory Failure (HCCs 82-84) & Chronic Obstructive Pulmonary Disease (HCCs 110-112),82,110,0.363
CMS-HCC-V24,Interactions,Continuing,No,Non,Disabled,No,gCopdCF_CARD_RESP_FAIL,Cardiorespiratory Failure (HCCs 82-84) & Chronic Obstructive Pulmonary Disease (HCCs 110-112),82,110,0.379
CMS-HCC-V24,Interactions,Continuing,Yes,Full,Aged,No,gCopdCF_CARD_RESP_FAIL,Cardiorespiratory Failure (HCCs 82-84) & Chronic Obstructive Pulmonary Disease (HCCs 110-112),82,110,0.528
CMS-HCC-V24,Interactions,Continuing,Yes,Full,Disabled,No,gCopdCF_CARD_RESP_FAIL,Cardiorespiratory Failure (HCCs 82-84) & Chronic Obstructive Pulmonary Disease (HCCs 110-112),82,110,0.455
CMS-HCC-V24,Interactions,Continuing,Yes,Partial,Aged,No,gCopdCF_CARD_RESP_FAIL,Cardiorespiratory Failure (HCCs 82-84) & Chronic Obstructive Pulmonary Disease (HCCs 110-112),82,110,0.392
CMS-HCC-V24,Interactions,Continuing,Yes,Partial,Disabled,No,gCopdCF_CARD_RESP_FAIL,Cardiorespiratory Failure (HCCs 82-84) & Chronic Obstructive Pulmonary Disease (HCCs 110-112),82,110,0.479
CMS-HCC-V24,Interactions,Continuing,,,,Yes,gCopdCF_CARD_RESP_FAIL,Cardiorespiratory Failure (HCCs 82-84) & Chronic Obstructive Pulmonary Disease (HCCs 110-112),82,110,0.414
CMS-HCC-V24,Interactions,Continuing,No,Non,Aged,No,gCopdCF_CARD_RESP_FAIL,Cardiorespiratory Failure (HCCs 82-84) & Chronic Obstructive Pulmonary Disease (HCCs 110-112),82,111,0.363
CMS-HCC-V24,Interactions,Continuing,No,Non,Disabled,No,gCopdCF_CARD_RESP_FAIL,Cardiorespiratory Failure (HCCs 82-84) & Chronic Obstructive Pulmonary Disease (HCCs 110-112),82,111,0.379
CMS-HCC-V24,Interactions,Continuing,Yes,Full,Aged,No,gCopdCF_CARD_RESP_FAIL,Cardiorespiratory Failure (HCCs 82-84) & Chronic Obstructive Pulmonary Disease (HCCs 110-112),82,111,0.528
CMS-HCC-V24,Interactions,Continuing,Yes,Full,Disabled,No,gCopdCF_CARD_RESP_FAIL,Cardiorespiratory Failure (HCCs 82-84) & Chronic Obstructive Pulmonary Disease (HCCs 110-112),82,111,0.455
CMS-HCC-V24,Interactions,Continuing,Yes,Partial,Aged,No,gCopdCF_CARD_RESP_FAIL,Cardiorespiratory Failure (HCCs 82-84) & Chronic Obstructive Pulmonary Disease (HCCs 110-112),82,111,0.392
CMS-HCC-V24,Interactions,Continuing,Yes,Partial,Disabled,No,gCopdCF_CARD_RESP_FAIL,Cardiorespiratory Failure (HCCs 82-84) & Chronic Obstructive Pulmonary Disease (HCCs 110-112),82,111,0.479
CMS-HCC-V24,Interactions,Continuing,,,,Yes,gCopdCF_CARD_RESP_FAIL,Cardiorespiratory Failure (HCCs 82-84) & Chronic Obstructive Pulmonary Disease (HCCs 110-112),82,111,0.414
CMS-HCC-V24,Interactions,Continuing,No,Non,Aged,No,gCopdCF_CARD_RESP_FAIL,Cardiorespiratory Failure (HCCs 82-84) & Chronic Obstructive Pulmonary Disease (HCCs 110-112),82,112,0.363
CMS-HCC-V24,Interactions,Continuing,No,Non,Disabled,No,gCopdCF_CARD_RESP_FAIL,Cardiorespiratory Failure (HCCs 82-84) & Chronic Obstructive Pulmonary Disease (HCCs 110-112),82,112,0.379
CMS-HCC-V24,Interactions,Continuing,Yes,Full,Aged,No,gCopdCF_CARD_RESP_FAIL,Cardiorespiratory Failure (HCCs 82-84) & Chronic Obstructive Pulmonary Disease (HCCs 110-112),82,112,0.528
CMS-HCC-V24,Interactions,Continuing,Yes,Full,Disabled,No,gCopdCF_CARD_RESP_FAIL,Cardiorespiratory Failure (HCCs 82-84) & Chronic Obstructive Pulmonary Disease (HCCs 110-112),82,112,0.455
CMS-HCC-V24,Interactions,Continuing,Yes,Partial,Aged,No,gCopdCF_CARD_RESP_FAIL,Cardiorespiratory Failure (HCCs 82-84) & Chronic Obstructive Pulmonary Disease (HCCs 110-112),82,112,0.392
CMS-HCC-V24,Interactions,Continuing,Yes,Partial,Disabled,No,gCopdCF_CARD_RESP_FAIL,Cardiorespiratory Failure (HCCs 82-84) & Chronic Obstructive Pulmonary Disease (HCCs 110-112),82,112,0.479
CMS-HCC-V24,Interactions,Continuing,,,,Yes,gCopdCF_CARD_RESP_FAIL,Cardiorespiratory Failure (HCCs 82-84) & Chronic Obstructive Pulmonary Disease (HCCs 110-112),82,112,0.414
CMS-HCC-V24,Interactions,Continuing,No,Non,Aged,No,gCopdCF_CARD_RESP_FAIL,Cardiorespiratory Failure (HCCs 82-84) & Chronic Obstructive Pulmonary Disease (HCCs 110-112),83,110,0.363
CMS-HCC-V24,Interactions,Continuing,No,Non,Disabled,No,gCopdCF_CARD_RESP_FAIL,Cardiorespiratory Failure (HCCs 82-84) & Chronic Obstructive Pulmonary Disease (HCCs 110-112),83,110,0.379
CMS-HCC-V24,Interactions,Continuing,Yes,Full,Aged,No,gCopdCF_CARD_RESP_FAIL,Cardiorespiratory Failure (HCCs 82-84) & Chronic Obstructive Pulmonary Disease (HCCs 110-112),83,110,0.528
CMS-HCC-V24,Interactions,Continuing,Yes,Full,Disabled,No,gCopdCF_CARD_RESP_FAIL,Cardiorespiratory Failure (HCCs 82-84) & Chronic Obstructive Pulmonary Disease (HCCs 110-112),83,110,0.455
CMS-HCC-V24,Interactions,Continuing,Yes,Partial,Aged,No,gCopdCF_CARD_RESP_FAIL,Cardiorespiratory Failure (HCCs 82-84) & Chronic Obstructive Pulmonary Disease (HCCs 110-112),83,110,0.392
CMS-HCC-V24,Interactions,Continuing,Yes,Partial,Disabled,No,gCopdCF_CARD_RESP_FAIL,Cardiorespiratory Failure (HCCs 82-84) & Chronic Obstructive Pulmonary Disease (HCCs 110-112),83,110,0.479
CMS-HCC-V24,Interactions,Continuing,,,,Yes,gCopdCF_CARD_RESP_FAIL,Cardiorespiratory Failure (HCCs 82-84) & Chronic Obstructive Pulmonary Disease (HCCs 110-112),83,110,0.414
CMS-HCC-V24,Interactions,Continuing,No,Non,Aged,No,gCopdCF_CARD_RESP_FAIL,Cardiorespiratory Failure (HCCs 82-84) & Chronic Obstructive Pulmonary Disease (HCCs 110-112),83,111,0.363
CMS-HCC-V24,Interactions,Continuing,No,Non,Disabled,No,gCopdCF_CARD_RESP_FAIL,Cardiorespiratory Failure (HCCs 82-84) & Chronic Obstructive Pulmonary Disease (HCCs 110-112),83,111,0.379
CMS-HCC-V24,Interactions,Continuing,Yes,Full,Aged,No,gCopdCF_CARD_RESP_FAIL,Cardiorespiratory Failure (HCCs 82-84) & Chronic Obstructive Pulmonary Disease (HCCs 110-112),83,111,0.528
CMS-HCC-V24,Interactions,Continuing,Yes,Full,Disabled,No,gCopdCF_CARD_RESP_FAIL,Cardiorespiratory Failure (HCCs 82-84) & Chronic Obstructive Pulmonary Disease (HCCs 110-112),83,111,0.455
CMS-HCC-V24,Interactions,Continuing,Yes,Partial,Aged,No,gCopdCF_CARD_RESP_FAIL,Cardiorespiratory Failure (HCCs 82-84) & Chronic Obstructive Pulmonary Disease (HCCs 110-112),83,111,0.392
CMS-HCC-V24,Interactions,Continuing,Yes,Partial,Disabled,No,gCopdCF_CARD_RESP_FAIL,Cardiorespiratory Failure (HCCs 82-84) & Chronic Obstructive Pulmonary Disease (HCCs 110-112),83,111,0.479
CMS-HCC-V24,Interactions,Continuing,,,,Yes,gCopdCF_CARD_RESP_FAIL,Cardiorespiratory Failure (HCCs 82-84) & Chronic Obstructive Pulmonary Disease (HCCs 110-112),83,111,0.414
CMS-HCC-V24,Interactions,Continuing,No,Non,Aged,No,gCopdCF_CARD_RESP_FAIL,Cardiorespiratory Failure (HCCs 82-84) & Chronic Obstructive Pulmonary Disease (HCCs 110-112),83,112,0.363
CMS-HCC-V24,Interactions,Continuing,No,Non,Disabled,No,gCopdCF_CARD_RESP_FAIL,Cardiorespiratory Failure (HCCs 82-84) & Chronic Obstructive Pulmonary Disease (HCCs 110-112),83,112,0.379
CMS-HCC-V24,Interactions,Continuing,Yes,Full,Aged,No,gCopdCF_CARD_RESP_FAIL,Cardiorespiratory Failure (HCCs 82-84) & Chronic Obstructive Pulmonary Disease (HCCs 110-112),83,112,0.528
CMS-HCC-V24,Interactions,Continuing,Yes,Full,Disabled,No,gCopdCF_CARD_RESP_FAIL,Cardiorespiratory Failure (HCCs 82-84) & Chronic Obstructive Pulmonary Disease (HCCs 110-112),83,112,0.455
CMS-HCC-V24,Interactions,Continuing,Yes,Partial,Aged,No,gCopdCF_CARD_RESP_FAIL,Cardiorespiratory Failure (HCCs 82-84) & Chronic Obstructive Pulmonary Disease (HCCs 110-112),83,112,0.392
CMS-HCC-V24,Interactions,Continuing,Yes,Partial,Disabled,No,gCopdCF_CARD_RESP_FAIL,Cardiorespiratory Failure (HCCs 82-84) & Chronic Obstructive Pulmonary Disease (HCCs 110-112),83,112,0.479
CMS-HCC-V24,Interactions,Continuing,,,,Yes,gCopdCF_CARD_RESP_FAIL,Cardiorespiratory Failure (HCCs 82-84) & Chronic Obstructive Pulmonary Disease (HCCs 110-112),83,112,0.414
CMS-HCC-V24,Interactions,Continuing,No,Non,Aged,No,gCopdCF_CARD_RESP_FAIL,Cardiorespiratory Failure (HCCs 82-84) & Chronic Obstructive Pulmonary Disease (HCCs 110-112),84,110,0.363
CMS-HCC-V24,Interactions,Continuing,No,Non,Disabled,No,gCopdCF_CARD_RESP_FAIL,Cardiorespiratory Failure (HCCs 82-84) & Chronic Obstructive Pulmonary Disease (HCCs 110-112),84,110,0.379
CMS-HCC-V24,Interactions,Continuing,Yes,Full,Aged,No,gCopdCF_CARD_RESP_FAIL,Cardiorespiratory Failure (HCCs 82-84) & Chronic Obstructive Pulmonary Disease (HCCs 110-112),84,110,0.528
CMS-HCC-V24,Interactions,Continuing,Yes,Full,Disabled,No,gCopdCF_CARD_RESP_FAIL,Cardiorespiratory Failure (HCCs 82-84) & Chronic Obstructive Pulmonary Disease (HCCs 110-112),84,110,0.455
CMS-HCC-V24,Interactions,Continuing,Yes,Partial,Aged,No,gCopdCF_CARD_RESP_FAIL,Cardiorespiratory Failure (HCCs 82-84) & Chronic Obstructive Pulmonary Disease (HCCs 110-112),84,110,0.392
CMS-HCC-V24,Interactions,Continuing,Yes,Partial,Disabled,No,gCopdCF_CARD_RESP_FAIL,Cardiorespiratory Failure (HCCs 82-84) & Chronic Obstructive Pulmonary Disease (HCCs 110-112),84,110,0.479
CMS-HCC-V24,Interactions,Continuing,,,,Yes,gCopdCF_CARD_RESP_FAIL,Cardiorespiratory Failure (HCCs 82-84) & Chronic Obstructive Pulmonary Disease (HCCs 110-112),84,110,0.414
CMS-HCC-V24,Interactions,Continuing,No,Non,Aged,No,gCopdCF_CARD_RESP_FAIL,Cardiorespiratory Failure (HCCs 82-84) & Chronic Obstructive Pulmonary Disease (HCCs 110-112),84,111,0.363
CMS-HCC-V24,Interactions,Continuing,No,Non,Disabled,No,gCopdCF_CARD_RESP_FAIL,Cardiorespiratory Failure (HCCs 82-84) & Chronic Obstructive Pulmonary Disease (HCCs 110-112),84,111,0.379
CMS-HCC-V24,Interactions,Continuing,Yes,Full,Aged,No,gCopdCF_CARD_RESP_FAIL,Cardiorespiratory Failure (HCCs 82-84) & Chronic Obstructive Pulmonary Disease (HCCs 110-112),84,111,0.528
CMS-HCC-V24,Interactions,Continuing,Yes,Full,Disabled,No,gCopdCF_CARD_RESP_FAIL,Cardiorespiratory Failure (HCCs 82-84) & Chronic Obstructive Pulmonary Disease (HCCs 110-112),84,111,0.455
CMS-HCC-V24,Interactions,Continuing,Yes,Partial,Aged,No,gCopdCF_CARD_RESP_FAIL,Cardiorespiratory Failure (HCCs 82-84) & Chronic Obstructive Pulmonary Disease (HCCs 110-112),84,111,0.392
CMS-HCC-V24,Interactions,Continuing,Yes,Partial,Disabled,No,gCopdCF_CARD_RESP_FAIL,Cardiorespiratory Failure (HCCs 82-84) & Chronic Obstructive Pulmonary Disease (HCCs 110-112),84,111,0.479
CMS-HCC-V24,Interactions,Continuing,,,,Yes,gCopdCF_CARD_RESP_FAIL,Cardiorespiratory Failure (HCCs 82-84) & Chronic Obstructive Pulmonary Disease (HCCs 110-112),84,111,0.414
CMS-HCC-V24,Interactions,Continuing,No,Non,Aged,No,gCopdCF_CARD_RESP_FAIL,Cardiorespiratory Failure (HCCs 82-84) & Chronic Obstructive Pulmonary Disease (HCCs 110-112),84,112,0.363
CMS-HCC-V24,Interactions,Continuing,No,Non,Disabled,No,gCopdCF_CARD_RESP_FAIL,Cardiorespiratory Failure (HCCs 82-84) & Chronic Obstructive Pulmonary Disease (HCCs 110-112),84,112,0.379
CMS-HCC-V24,Interactions,Continuing,Yes,Full,Aged,No,gCopdCF_CARD_RESP_FAIL,Cardiorespiratory Failure (HCCs 82-84) & Chronic Obstructive Pulmonary Disease (HCCs 110-112),84,112,0.528
CMS-HCC-V24,Interactions,Continuing,Yes,Full,Disabled,No,gCopdCF_CARD_RESP_FAIL,Cardiorespiratory Failure (HCCs 82-84) & Chronic Obstructive Pulmonary Disease (HCCs 110-112),84,112,0.455
CMS-HCC-V24,Interactions,Continuing,Yes,Partial,Aged,No,gCopdCF_CARD_RESP_FAIL,Cardiorespiratory Failure (HCCs 82-84) & Chronic Obstructive Pulmonary Disease (HCCs 110-112),84,112,0.392
CMS-HCC-V24,Interactions,Continuing,Yes,Partial,Disabled,No,gCopdCF_CARD_RESP_FAIL,Cardiorespiratory Failure (HCCs 82-84) & Chronic Obstructive Pulmonary Disease (HCCs 110-112),84,112,0.479
CMS-HCC-V24,Interactions,Continuing,,,,Yes,gCopdCF_CARD_RESP_FAIL,Cardiorespiratory Failure (HCCs 82-84) & Chronic Obstructive Pulmonary Disease (HCCs 110-112),84,112,0.414
CMS-HCC-V24,Interactions,Continuing,No,Non,Aged,No,HCC85_HCC96,Congestive Heart Failure (HCC 85) & Specified Heart Arrhythmias (HCC 96),85,96,0.085
CMS-HCC-V24,Interactions,Continuing,No,Non,Disabled,No,HCC85_HCC96,Congestive Heart Failure (HCC 85) & Specified Heart Arrhythmias (HCC 96),85,96,0.282
CMS-HCC-V24,Interactions,Continuing,Yes,Full,Aged,No,HCC85_HCC96,Congestive Heart Failure (HCC 85) & Specified Heart Arrhythmias (HCC 96),85,96,0.138
CMS-HCC-V24,Interactions,Continuing,Yes,Full,Disabled,No,HCC85_HCC96,Congestive Heart Failure (HCC 85) & Specified Heart Arrhythmias (HCC 96),85,96,0.361
CMS-HCC-V24,Interactions,Continuing,Yes,Partial,Aged,No,HCC85_HCC96,Congestive Heart Failure (HCC 85) & Specified Heart Arrhythmias (HCC 96),85,96,0.101
CMS-HCC-V24,Interactions,Continuing,Yes,Partial,Disabled,No,HCC85_HCC96,Congestive Heart Failure (HCC 85) & Specified Heart Arrhythmias (HCC 96),85,96,0.303
CMS-HCC-V24,Interactions,Continuing,No,Non,Disabled,No,gSubstanceUseDisorder_gPsych,Substance Use Disorder (HCCs 54-56) & Psychiatric (HCCs 57-60),54,57,0.138
CMS-HCC-V24,Interactions,Continuing,Yes,Full,Disabled,No,gSubstanceUseDisorder_gPsych,Substance Use Disorder (HCCs 54-56) & Psychiatric (HCCs 57-60),54,57,0.191
CMS-HCC-V24,Interactions,Continuing,Yes,Partial,Disabled,No,gSubstanceUseDisorder_gPsych,Substance Use Disorder (HCCs 54-56) & Psychiatric (HCCs 57-60),54,57,0.201
CMS-HCC-V24,Interactions,Continuing,No,Non,Disabled,No,gSubstanceUseDisorder_gPsych,Substance Use Disorder (HCCs 54-56) & Psychiatric (HCCs 57-60),54,58,0.138
CMS-HCC-V24,Interactions,Continuing,Yes,Full,Disabled,No,gSubstanceUseDisorder_gPsych,Substance Use Disorder (HCCs 54-56) & Psychiatric (HCCs 57-60),54,58,0.191
CMS-HCC-V24,Interactions,Continuing,Yes,Partial,Disabled,No,gSubstanceUseDisorder_gPsych,Substance Use Disorder (HCCs 54-56) & Psychiatric (HCCs 57-60),54,58,0.201
CMS-HCC-V24,Interactions,Continuing,No,Non,Disabled,No,gSubstanceUseDisorder_gPsych,Substance Use Disorder (HCCs 54-56) & Psychiatric (HCCs 57-60),54,59,0.138
CMS-HCC-V24,Interactions,Continuing,Yes,Full,Disabled,No,gSubstanceUseDisorder_gPsych,Substance Use Disorder (HCCs 54-56) & Psychiatric (HCCs 57-60),54,59,0.191
CMS-HCC-V24,Interactions,Continuing,Yes,Partial,Disabled,No,gSubstanceUseDisorder_gPsych,Substance Use Disorder (HCCs 54-56) & Psychiatric (HCCs 57-60),54,59,0.201
CMS-HCC-V24,Interactions,Continuing,No,Non,Disabled,No,gSubstanceUseDisorder_gPsych,Substance Use Disorder (HCCs 54-56) & Psychiatric (HCCs 57-60),54,60,0.138
CMS-HCC-V24,Interactions,Continuing,Yes,Full,Disabled,No,gSubstanceUseDisorder_gPsych,Substance Use Disorder (HCCs 54-56) & Psychiatric (HCCs 57-60),54,60,0.191
CMS-HCC-V24,Interactions,Continuing,Yes,Partial,Disabled,No,gSubstanceUseDisorder_gPsych,Substance Use Disorder (HCCs 54-56) & Psychiatric (HCCs 57-60),54,60,0.201
CMS-HCC-V24,Interactions,Continuing,No,Non,Disabled,No,gSubstanceUseDisorder_gPsych,Substance Use Disorder (HCCs 54-56) & Psychiatric (HCCs 57-60),55,57,0.138
CMS-HCC-V24,Interactions,Continuing,Yes,Full,Disabled,No,gSubstanceUseDisorder_gPsych,Substance Use Disorder (HCCs 54-56) & Psychiatric (HCCs 57-60),55,57,0.191
CMS-HCC-V24,Interactions,Continuing,Yes,Partial,Disabled,No,gSubstanceUseDisorder_gPsych,Substance Use Disorder (HCCs 54-56) & Psychiatric (HCCs 57-60),55,57,0.201
CMS-HCC-V24,Interactions,Continuing,No,Non,Disabled,No,gSubstanceUseDisorder_gPsych,Substance Use Disorder (HCCs 54-56) & Psychiatric (HCCs 57-60),55,58,0.138
CMS-HCC-V24,Interactions,Continuing,Yes,Full,Disabled,No,gSubstanceUseDisorder_gPsych,Substance Use Disorder (HCCs 54-56) & Psychiatric (HCCs 57-60),55,58,0.191
CMS-HCC-V24,Interactions,Continuing,Yes,Partial,Disabled,No,gSubstanceUseDisorder_gPsych,Substance Use Disorder (HCCs 54-56) & Psychiatric (HCCs 57-60),55,58,0.201
CMS-HCC-V24,Interactions,Continuing,No,Non,Disabled,No,gSubstanceUseDisorder_gPsych,Substance Use Disorder (HCCs 54-56) & Psychiatric (HCCs 57-60),55,59,0.138
CMS-HCC-V24,Interactions,Continuing,Yes,Full,Disabled,No,gSubstanceUseDisorder_gPsych,Substance Use Disorder (HCCs 54-56) & Psychiatric (HCCs 57-60),55,59,0.191
CMS-HCC-V24,Interactions,Continuing,Yes,Partial,Disabled,No,gSubstanceUseDisorder_gPsych,Substance Use Disorder (HCCs 54-56) & Psychiatric (HCCs 57-60),55,59,0.201
CMS-HCC-V24,Interactions,Continuing,No,Non,Disabled,No,gSubstanceUseDisorder_gPsych,Substance Use Disorder (HCCs 54-56) & Psychiatric (HCCs 57-60),55,60,0.138
CMS-HCC-V24,Interactions,Continuing,Yes,Full,Disabled,No,gSubstanceUseDisorder_gPsych,Substance Use Disorder (HCCs 54-56) & Psychiatric (HCCs 57-60),55,60,0.191
CMS-HCC-V24,Interactions,Continuing,Yes,Partial,Disabled,No,gSubstanceUseDisorder_gPsych,Substance Use Disorder (HCCs 54-56) & Psychiatric (HCCs 57-60),55,60,0.201
CMS-HCC-V24,Interactions,Continuing,No,Non,Disabled,No,gSubstanceUseDisorder_gPsych,Substance Use Disorder (HCCs 54-56) & Psychiatric (HCCs 57-60),56,57,0.138
CMS-HCC-V24,Interactions,Continuing,Yes,Full,Disabled,No,gSubstanceUseDisorder_gPsych,Substance Use Disorder (HCCs 54-56) & Psychiatric (HCCs 57-60),56,57,0.191
CMS-HCC-V24,Interactions,Continuing,Yes,Partial,Disabled,No,gSubstanceUseDisorder_gPsych,Substance Use Disorder (HCCs 54-56) & Psychiatric (HCCs 57-60),56,57,0.201
CMS-HCC-V24,Interactions,Continuing,No,Non,Disabled,No,gSubstanceUseDisorder_gPsych,Substance Use Disorder (HCCs 54-56) & Psychiatric (HCCs 57-60),56,58,0.138
CMS-HCC-V24,Interactions,Continuing,Yes,Full,Disabled,No,gSubstanceUseDisorder_gPsych,Substance Use Disorder (HCCs 54-56) & Psychiatric (HCCs 57-60),56,58,0.191
CMS-HCC-V24,Interactions,Continuing,Yes,Partial,Disabled,No,gSubstanceUseDisorder_gPsych,Substance Use Disorder (HCCs 54-56) & Psychiatric (HCCs 57-60),56,58,0.201
CMS-HCC-V24,Interactions,Continuing,No,Non,Disabled,No,gSubstanceUseDisorder_gPsych,Substance Use Disorder (HCCs 54-56) & Psychiatric (HCCs 57-60),56,59,0.138
CMS-HCC-V24,Interactions,Continuing,Yes,Full,Disabled,No,gSubstanceUseDisorder_gPsych,Substance Use Disorder (HCCs 54-56) & Psychiatric (HCCs 57-60),56,59,0.191
CMS-HCC-V24,Interactions,Continuing,Yes,Partial,Disabled,No,gSubstanceUseDisorder_gPsych,Substance Use Disorder (HCCs 54-56) & Psychiatric (HCCs 57-60),56,59,0.201
CMS-HCC-V24,Interactions,Continuing,No,Non,Disabled,No,gSubstanceUseDisorder_gPsych,Substance Use Disorder (HCCs 54-56) & Psychiatric (HCCs 57-60),56,60,0.138
CMS-HCC-V24,Interactions,Continuing,Yes,Full,Disabled,No,gSubstanceUseDisorder_gPsych,Substance Use Disorder (HCCs 54-56) & Psychiatric (HCCs 57-60),56,60,0.191
CMS-HCC-V24,Interactions,Continuing,Yes,Partial,Disabled,No,gSubstanceUseDisorder_gPsych,Substance Use Disorder (HCCs 54-56) & Psychiatric (HCCs 57-60),56,60,0.201
CMS-HCC-V24,Interactions,Continuing,,,,Yes,SEPSIS_PRESSURE_ULCER,Sepsis (HCC 2) & Pressure Ulcer (HCCs 157-159),2,157,0.155
CMS-HCC-V24,Interactions,Continuing,,,,Yes,SEPSIS_PRESSURE_ULCER,Sepsis (HCC 2) & Pressure Ulcer (HCCs 157-159),2,158,0.155
CMS-HCC-V24,Interactions,Continuing,,,,Yes,SEPSIS_PRESSURE_ULCER,Sepsis (HCC 2) & Pressure Ulcer (HCCs 157-159),2,159,0.155
CMS-HCC-V24,Interactions,Continuing,,,,Yes,SEPSIS_ARTIF_OPENINGS,Sepsis (HCC 2) & Artificial Openings for Feeding or Elimination (HCC 188),2,188,0.474
CMS-HCC-V24,Interactions,Continuing,,,,Yes,ART_OPENINGS_PRESSURE_ULCER,Artificial Openings for Feeding or Elimination (HCC 188) & Pressure Ulcer (HCCs 157-159),188,157,0.359
CMS-HCC-V24,Interactions,Continuing,,,,Yes,ART_OPENINGS_PRESSURE_ULCER,Artificial Openings for Feeding or Elimination (HCC 188) & Pressure Ulcer (HCCs 157-159),188,158,0.359
CMS-HCC-V24,Interactions,Continuing,,,,Yes,ART_OPENINGS_PRESSURE_ULCER,Artificial Openings for Feeding or Elimination (HCC 188) & Pressure Ulcer (HCCs 157-159),188,159,0.359
CMS-HCC-V24,Interactions,Continuing,,,,Yes,gCopdCF_ASP_SPEC_BACT_PNEUM,Chronic Obstructive Pulmonary Disease (HCCs 110-112) & Aspiration and Specified Bacterial Pneumonias (HCC 114),110,114,0.216
CMS-HCC-V24,Interactions,Continuing,,,,Yes,gCopdCF_ASP_SPEC_BACT_PNEUM,Chronic Obstructive Pulmonary Disease (HCCs 110-112) & Aspiration and Specified Bacterial Pneumonias (HCC 114),111,114,0.216
CMS-HCC-V24,Interactions,Continuing,,,,Yes,gCopdCF_ASP_SPEC_BACT_PNEUM,Chronic Obstructive Pulmonary Disease (HCCs 110-112) & Aspiration and Specified Bacterial Pneumonias (HCC 114),112,114,0.216
CMS-HCC-V24,Interactions,Continuing,,,,Yes,ASP_SPEC_BACT_PNEUM_PRES_ULC,Aspiration and Specified Bacterial Pneumonias (HCC 114) & Pressure Ulcer (HCCs 157-159),114,157,0.472
CMS-HCC-V24,Interactions,Continuing,,,,Yes,ASP_SPEC_BACT_PNEUM_PRES_ULC,Aspiration and Specified Bacterial Pneumonias (HCC 114) & Pressure Ulcer (HCCs 157-159),114,158,0.472
CMS-HCC-V24,Interactions,Continuing,,,,Yes,ASP_SPEC_BACT_PNEUM_PRES_ULC,Aspiration and Specified Bacterial Pneumonias (HCC 114) & Pressure Ulcer (HCCs 157-159),114,159,0.472
CMS-HCC-V24,Interactions,Continuing,,,,Yes,SEPSIS_ASP_SPEC_BACT_PNEUM,Sepsis (HCC 2) & Aspiration and Specified Bacterial Pneumonias (HCC 114),2,114,0.346
CMS-HCC-V24,Interactions,Continuing,,,,Yes,SCHIZOPHRENIA_gCopdCF,Schizophrenia (HCC 57) & Chronic Obstructive Pulmonary Disease (HCCs 110-112),57,110,0.417
CMS-HCC-V24,Interactions,Continuing,,,,Yes,SCHIZOPHRENIA_gCopdCF,Schizophrenia (HCC 57) & Chronic Obstructive Pulmonary Disease (HCCs 110-112),57,111,0.417
CMS-HCC-V24,Interactions,Continuing,,,,Yes,SCHIZOPHRENIA_gCopdCF,Schizophrenia (HCC 57) & Chronic Obstructive Pulmonary Disease (HCCs 110-112),57,112,0.417
CMS-HCC-V24,Interactions,Continuing,,,,Yes,SCHIZOPHRENIA_CHF,Schizophrenia (HCC 57) & Congestive Heart Failure (HCC 85),57,85,0.127
CMS-HCC-V24,Interactions,Continuing,,,,Yes,SCHIZOPHRENIA_SEIZURES,Schizophrenia (HCC 57) & Seizure Disorders and Convulsions (HCC 79),57,79,0.573